п»ҝDate,Time,"жҸҗдәӨиҷӣж“¬иЁҳжҶ¶й«” [MB]","еҸҜз”Ёиҷӣж“¬иЁҳжҶ¶й«” [MB]","иҷӣж“¬иЁҳжҶ¶й«”дҪҝз”ЁзҺҮ [%]","е·Із”Ёзү©зҗҶиЁҳжҶ¶й«” [MB]","еҸҜз”Ёзү©зҗҶиЁҳжҶ¶й«” [MB]","зү©зҗҶиЁҳжҶ¶й«”дҪҝз”ЁзҺҮ [%]","еҲҶй ҒжӘ”дҪҝз”ЁзҺҮ [%]","Core VIDs (avg) [V]","Core 0 VID [V]","Core 1 VID [V]","Core 2 VID [V]","Core 3 VID [V]","Core 4 VID [V]","Core 5 VID [V]","Core 6 VID [V]","Core 7 VID [V]","ж ёеҝғй »зҺҮ (avg) [MHz]","Core 0 й »зҺҮ (perf #4) [MHz]","Core 1 й »зҺҮ (perf #6) [MHz]","Core 2 й »зҺҮ (perf #3) [MHz]","Core 3 й »зҺҮ (perf #1) [MHz]","Core 4 й »зҺҮ (perf #7) [MHz]","Core 5 й »зҺҮ (perf #1) [MHz]","Core 6 й »зҺҮ (perf #5) [MHz]","Core 7 й »зҺҮ (perf #2) [MHz]","еҢҜжөҒжҺ’й »зҺҮ [MHz]","ж ёеҝғжңүж•Ҳй »зҺҮ (avg) [MHz]","Core 0 T0 жңүж•Ҳй »зҺҮ [MHz]","Core 0 T1 жңүж•Ҳй »зҺҮ [MHz]","Core 1 T0 жңүж•Ҳй »зҺҮ [MHz]","Core 1 T1 жңүж•Ҳй »зҺҮ [MHz]","Core 2 T0 жңүж•Ҳй »зҺҮ [MHz]","Core 2 T1 жңүж•Ҳй »зҺҮ [MHz]","Core 3 T0 жңүж•Ҳй »зҺҮ [MHz]","Core 3 T1 жңүж•Ҳй »зҺҮ [MHz]","Core 4 T0 жңүж•Ҳй »зҺҮ [MHz]","Core 4 T1 жңүж•Ҳй »зҺҮ [MHz]","Core 5 T0 жңүж•Ҳй »зҺҮ [MHz]","Core 5 T1 жңүж•Ҳй »зҺҮ [MHz]","Core 6 T0 жңүж•Ҳй »зҺҮ [MHz]","Core 6 T1 жңүж•Ҳй »зҺҮ [MHz]","Core 7 T0 жңүж•Ҳй »зҺҮ [MHz]","Core 7 T1 жңүж•Ҳй »зҺҮ [MHz]","е№іеқҮжңүж•Ҳй »зҺҮ [MHz]","ж ёеҝғдҪҝз”ЁзҺҮ (avg) [%]","Core 0 T0 дҪҝз”ЁзҺҮ [%]","Core 0 T1 дҪҝз”ЁзҺҮ [%]","Core 1 T0 дҪҝз”ЁзҺҮ [%]","Core 1 T1 дҪҝз”ЁзҺҮ [%]","Core 2 T0 дҪҝз”ЁзҺҮ [%]","Core 2 T1 дҪҝз”ЁзҺҮ [%]","Core 3 T0 дҪҝз”ЁзҺҮ [%]","Core 3 T1 дҪҝз”ЁзҺҮ [%]","Core 4 T0 дҪҝз”ЁзҺҮ [%]","Core 4 T1 дҪҝз”ЁзҺҮ [%]","Core 5 T0 дҪҝз”ЁзҺҮ [%]","Core 5 T1 дҪҝз”ЁзҺҮ [%]","Core 6 T0 дҪҝз”ЁзҺҮ [%]","Core 6 T1 дҪҝз”ЁзҺҮ [%]","Core 7 T0 дҪҝз”ЁзҺҮ [%]","Core 7 T1 дҪҝз”ЁзҺҮ [%]","жңҖеӨ§CPU/еҹ·иЎҢз·’дҪҝз”ЁзҺҮ [%]","CPU зёҪдҪҝз”ЁзҺҮ [%]","ж ёеҝғдҪҝз”ЁзҺҮ (avg) [%]","Core 0 T0 дҪҝз”ЁзҺҮ [%]","Core 0 T1 дҪҝз”ЁзҺҮ [%]","Core 1 T0 дҪҝз”ЁзҺҮ [%]","Core 1 T1 дҪҝз”ЁзҺҮ [%]","Core 2 T0 дҪҝз”ЁзҺҮ [%]","Core 2 T1 дҪҝз”ЁзҺҮ [%]","Core 3 T0 дҪҝз”ЁзҺҮ [%]","Core 3 T1 дҪҝз”ЁзҺҮ [%]","Core 4 T0 дҪҝз”ЁзҺҮ [%]","Core 4 T1 дҪҝз”ЁзҺҮ [%]","Core 5 T0 дҪҝз”ЁзҺҮ [%]","Core 5 T1 дҪҝз”ЁзҺҮ [%]","Core 6 T0 дҪҝз”ЁзҺҮ [%]","Core 6 T1 дҪҝз”ЁзҺҮ [%]","Core 7 T0 дҪҝз”ЁзҺҮ [%]","Core 7 T1 дҪҝз”ЁзҺҮ [%]","CPU зёҪдҪҝз”ЁзҺҮ [%]","ж ёеҝғеҖҚй » (avg) [x]","Core 0 еҖҚй » [x]","Core 1 еҖҚй » [x]","Core 2 еҖҚй » [x]","Core 3 еҖҚй » [x]","Core 4 еҖҚй » [x]","Core 5 еҖҚй » [x]","Core 6 еҖҚй » [x]","Core 7 еҖҚй » [x]","Package C6 й§җз•ҷзҺҮ [%]","Core C0 й§җз•ҷзҺҮ (avg) [%]","Core 0 C0 й§җз•ҷзҺҮ [%]","Core 1 C0 й§җз•ҷзҺҮ [%]","Core 2 C0 й§җз•ҷзҺҮ [%]","Core 3 C0 й§җз•ҷзҺҮ [%]","Core 4 C0 й§җз•ҷзҺҮ [%]","Core 5 C0 й§җз•ҷзҺҮ [%]","Core 6 C0 й§җз•ҷзҺҮ [%]","Core 7 C0 й§җз•ҷзҺҮ [%]","Core C1 й§җз•ҷзҺҮ (avg) [%]","Core 0 C1 й§җз•ҷзҺҮ [%]","Core 1 C1 й§җз•ҷзҺҮ [%]","Core 2 C1 й§җз•ҷзҺҮ [%]","Core 3 C1 й§җз•ҷзҺҮ [%]","Core 4 C1 й§җз•ҷзҺҮ [%]","Core 5 C1 й§җз•ҷзҺҮ [%]","Core 6 C1 й§җз•ҷзҺҮ [%]","Core 7 C1 й§җз•ҷзҺҮ [%]","Core C6 й§җз•ҷзҺҮ (avg) [%]","Core 0 C6 й§җз•ҷзҺҮ [%]","Core 1 C6 й§җз•ҷзҺҮ [%]","Core 2 C6 й§җз•ҷзҺҮ [%]","Core 3 C6 й§җз•ҷзҺҮ [%]","Core 4 C6 й§җз•ҷзҺҮ [%]","Core 5 C6 й§җз•ҷзҺҮ [%]","Core 6 C6 й§җз•ҷзҺҮ [%]","Core 7 C6 й§җз•ҷзҺҮ [%]","иЁҳжҶ¶й«”й »зҺҮ [MHz]","иЁҳжҶ¶й«”еҖҚй » [x]","Tcas [T]","Trcd [T]","Trp [T]","Tras [T]","Trc [T]","Trfc [T]","Command Rate [T]","CPU (Tctl/Tdie) [в„ғ]","CPU ж ёеҝғ [в„ғ]","CPU SOC [в„ғ]","APU GFX [в„ғ]","ж ёеҝғжә«еәҰ (avg) [в„ғ]","Core0 [в„ғ]","Core1 [в„ғ]","Core2 [в„ғ]","Core3 [в„ғ]","Core4 [в„ғ]","Core5 [в„ғ]","Core6 [в„ғ]","Core7 [в„ғ]","L3 еҝ«еҸ– [в„ғ]","CPU VDDCR_VDD йӣ»еЈ“ (SVI3 TFN) [V]","CPU VDDCR_SOC йӣ»еЈ“ (SVI3 TFN) [V]","CPU VDDCR_SR йӣ»еЈ“ (SVI3 TFN) [V]","CPU ж ёеҝғйӣ»жөҒ (SVI3 TFN) [A]","SoC йӣ»жөҒ (SVI3 TFN) [A]","CPU TDC [A]","CPU EDC [A]","SR йӣ»жөҒ (SVI3 TFN) [A]","CPU е°ҒиЈқеҠҹзҺҮ [W]","ж ёеҝғеҠҹзҺҮ (avg) [W]","Core 0 еҠҹзҺҮ [W]","Core 1 еҠҹзҺҮ [W]","Core 2 еҠҹзҺҮ [W]","Core 3 еҠҹзҺҮ [W]","Core 4 еҠҹзҺҮ [W]","Core 5 еҠҹзҺҮ [W]","Core 6 еҠҹзҺҮ [W]","Core 7 еҠҹзҺҮ [W]","CPU ж ёеҝғеҠҹзҺҮ (SVI3 TFN) [W]","CPU SoC еҠҹзҺҮ (SVI3 TFN) [W]","Core+SoC+SR еҠҹзҺҮ (SVI3 TFN) [W]","APU STAPM [W]","NPU еҠҹзҺҮ [W]","зі»зөұзёҪеҠҹзҺҮ [W]","Infinity Fabric й »зҺҮ (FCLK) [MHz]","иЁҳжҶ¶й«”жҺ§еҲ¶еҷЁй »зҺҮ (UCLK) [MHz]","L3 еҝ«еҸ– [MHz]","й »зҺҮйҷҗеҲ¶ - е…ЁеұҖ [MHz]","NPU й »зҺҮ [MHz]","CPU TDC йҷҗеҲ¶ [%]","CPU EDC йҷҗеҲ¶ [%]","CPU PPT FAST Limit [%]","CPU PPT SLOW Limit [%]","APU STAPM Limit [%]","Thermal Limit [%]","Energy Performance Preference [%]","NPU дҪҝз”ЁзҺҮ [%]","йҒҺзҶұйҷҚй » (HTC) [Yes/No]","йҒҺзҶұйҷҚй » (PROCHOT CPU) [Yes/No]","йҒҺзҶұйҷҚй » (PROCHOT EXT) [Yes/No]","DRAM и®ҖеҸ–й »еҜ¬ [GB/s]","DRAM еҜ«е…Ҙй »еҜ¬ [GB/s]","жҙ»еӢ•ж ёеҝғзҡ„е№іеқҮж•ё []","TZ.TZ01 [в„ғ]","CPU [RPM]","GPU [RPM]","SPD Hub жә«еәҰ [в„ғ]","VDD (SWA) йӣ»еЈ“ [V]","VDDQ (SWB) йӣ»еЈ“ [V]","VPP (SWC) йӣ»еЈ“ [V]","1.8V VOUT йӣ»еЈ“ [V]","1.0V VOUT йӣ»еЈ“ [V]","VIN йӣ»еЈ“ [V]","PMIC й«ҳжә« [Yes/No]","PMIC йҒҺеЈ“ [Yes/No]","PMIC ж¬ еЈ“ [Yes/No]","зЈҒзўҹжә«еәҰ [в„ғ]","зЈҒзўҹжә«еәҰ 2 [в„ғ]","зЈҒзўҹжә«еәҰ 3 [в„ғ]","зЈҒзўҹеү©йӨҳеЈҪе‘Ҫ [%]","зЈҒзўҹеҸҜз”ЁеӮҷз”Ё [%]","зЈҒзўҹж•…йҡң [Yes/No]","зЈҒзўҹиӯҰе‘Ҡ [Yes/No]","дё»ж©ҹеҜ«е…ҘзёҪиЁҲ [GB]","дё»ж©ҹи®ҖеҸ–зёҪиЁҲ [GB]","и®ҖеҸ–жҙ»еӢ•зҺҮ [%]","еҜ«е…Ҙжҙ»еӢ•зҺҮ [%]","зёҪжҙ»еӢ•зҺҮ [%]","и®ҖеҸ–йҖҹзҺҮ [MB/s]","еҜ«е…ҘйҖҹзҺҮ [MB/s]","и®ҖеҸ–зёҪиЁҲ [MB]","еҜ«е…ҘзёҪиЁҲ [MB]","GPU жә«еәҰ [в„ғ]","йЎҜзӨәиЁҳжҶ¶й«”й »зҺҮ [MHz]","GPU дҪҝз”ЁзҺҮ [%]","PCIe йҖЈзөҗйҖҹеәҰ [GT/s]","еҪұж јзҺҮ [FPS]","GPU жә«еәҰ [в„ғ]","йЎҜзӨәиЁҳжҶ¶й«”жҺҘйқўжә«еәҰ [в„ғ]","GPU зҶұй»һжә«еәҰ [в„ғ]","GPU йҒҺзҶұйҷҗеҲ¶ [в„ғ]","GPU ж ёеҝғйӣ»еЈ“ [V]","GPU з·ҡи·Ҝйӣ»еЈ“ (avg) [V]","GPU FBVDD ијёе…Ҙйӣ»еЈ“ [V]","GPU 12VHPWR йӣ»еЈ“ [V]","GPU еҠҹзҺҮ [W]","GPU з·ҡи·ҜеҠҹзҺҮ (avg) [W]","GPU Core (NVVDD) ијёе…ҘеҠҹзҺҮ (зёҪе’Ң) [W]","GPU FBVDD ијёе…ҘеҠҹзҺҮ [W]","GPU 12VHPWR еҠҹзҺҮ [W]","GPU PCIe +3.3V ијёе…ҘеҠҹзҺҮ (дј°иЁҲ) [W]","GPU ијёе…Ҙ PP жәҗ еҠҹзҺҮ (зёҪе’Ң) [W]","GPU Core (NVVDD) ијёеҮәеҠҹзҺҮ [W]","GPU й »зҺҮ [MHz]","йЎҜзӨәиЁҳжҶ¶й«”й »зҺҮ [MHz]","GPU иҰ–иЁҠй »зҺҮ [MHz]","GPU жңүж•Ҳй »зҺҮ [MHz]","GPU Crossbar й »зҺҮ [MHz]","GPU ж ёеҝғдҪҝз”ЁзҺҮ [%]","йЎҜзӨәиЁҳжҶ¶й«”жҺ§еҲ¶еҷЁдҪҝз”ЁзҺҮ [%]","GPU иҰ–иЁҠеј•ж“ҺдҪҝз”ЁзҺҮ [%]","GPU еҢҜжөҒжҺ’дҪҝз”ЁзҺҮ [%]","йЎҜзӨәиЁҳжҶ¶й«”дҪҝз”Ё [%]","GPU D3D дҪҝз”ЁзҺҮ (avg) [%]","GPU D3D дҪҝз”ЁзҺҮ [%]","GPU Video Decode 0 дҪҝз”ЁзҺҮ [%]","GPU Video Encode 0 дҪҝз”ЁзҺҮ [%]","GPU Video Encode 1 дҪҝз”ЁзҺҮ [%]","GPU VR дҪҝз”ЁзҺҮ [%]","GPU ж•ҲиғҪйҷҗеҲ¶ (avg) [Yes/No]","ж•ҲиғҪйҷҗеҲ¶ - еҠҹзҺҮ [Yes/No]","ж•ҲиғҪйҷҗеҲ¶ - йҒҺзҶұ [Yes/No]","ж•ҲиғҪйҷҗеҲ¶ - еҸҜйқ жҖ§йӣ»еЈ“ [Yes/No]","ж•ҲиғҪйҷҗеҲ¶ - жңҖеӨ§дҪңжҘӯйӣ»еЈ“ [Yes/No]","ж•ҲиғҪйҷҗеҲ¶ - дҪҝз”ЁзҺҮ [Yes/No]","ж•ҲиғҪйҷҗеҲ¶ - SLI GPUBoost Sync [Yes/No]","PCI Express Error Counters (avg) []","Receiver Errors []","Replay Count []","Replay Pollover Count []","Bad DLLP Count []","Bad TLP Count []","8B10B Error Count []","Sync Header Error Count []","LCRC Error Count []","Failed L0s Exit Count []","NAKs Sent Count []","NAKs Received Count []","Lane Errors []","Recovery Count []","Total Correctable Error Count []","Correctable Error Count []","Non-Fatal Error Count []","Fatal Error Count []","Unsupported Request Count []","еҸҜз”ЁйЎҜзӨәиЁҳжҶ¶й«” [MB]","еҲҶй…ҚйЎҜзӨәиЁҳжҶ¶й«” [MB]","GPU D3D е°Ҳз”ЁйЎҜзӨәиЁҳжҶ¶й«” [MB]","GPU D3D е…ұз”ЁйЎҜзӨәиЁҳжҶ¶й«” [MB]","PCIe йҖЈзөҗйҖҹеәҰ [GT/s]","йӣ»жұ йӣ»еЈ“ [V]","еү©йӨҳе®№йҮҸ [Wh]","йӣ»жұ йӣ»йҮҸ [%]","е……йӣ»йҖҹзҺҮ [W]","жҗҚиҖ—зЁӢеәҰ [%]","еҪұж јзҺҮ [FPS]","1% дҪҺеҪұж јзҺҮ [FPS]","0.1% дҪҺеҪұж јзҺҮ [FPS]","еҪұж јжҷӮй–“ [ms]","еҪұж јзҺҮ Presented (avg) [FPS]","еҪұж јзҺҮ Presented (99%) [FPS]","еҪұж јзҺҮ Presented (1%) [FPS]","еҪұж јзҺҮ Displayed (avg) [FPS]","Frame Time Presented (avg) [ms]","Frame Time Presented (99%) [ms]","Frame Time Presented (1%) [ms]","GPU Busy (avg) [ms]","GPU Wait (avg) [ms]","CPU Busy (avg) [ms]","CPU Wait (avg) [ms]","дёӢијүзёҪиЁҲ [MB]","дёҠеӮізёҪиЁҲ [MB]","зӣ®еүҚдёӢијүйҖҹзҺҮ [KB/s]","зӣ®еүҚдёҠеӮійҖҹзҺҮ [KB/s]","йҢҜиӘӨзёҪж•ё []","GPU Core (NVVDD) ијёеҮәеҠҹзҺҮ [W]",
25.1.2026,21:7:39.350,22617,11394,66.4,14470,17492,45.2,4.9,0.981,0.985,0.980,0.980,0.980,0.980,0.980,0.980,0.980,3644.7,3214.2,4042.7,3234.2,4042.7,3234.2,4067.7,3254.1,4067.7,99.8,1369.6,2220.6,1121.8,860.8,777.6,1460.0,1115.8,2455.6,1577.3,725.5,656.7,2068.4,1839.2,1017.4,890.6,1786.5,1340.1,1369.6,34.8,46.1,29.3,23.0,20.9,38.1,29.1,62.9,40.5,19.5,17.7,52.9,47.1,26.6,23.5,46.0,34.3,62.9,34.8,32.8,43.1,27.3,21.1,19.0,35.8,27.1,60.8,38.8,17.8,16.0,51.0,45.3,24.4,21.4,43.7,32.5,32.8,36.5,32.2,40.5,32.4,40.5,32.4,40.8,32.6,40.8,0.0,54.8,57.6,31.9,53.1,84.9,25.5,82.4,37.4,65.6,44.0,42.4,65.5,46.9,15.1,67.3,17.6,62.6,34.4,1.2,0.0,2.6,0.0,0.0,7.4,0.0,0.0,0.0,2395.7,24.00,40,39,39,77,116,384,1,95.2,95.0,84.1,84.2,87.9,88.5,89.6,88.3,95.0,85.3,90.6,83.2,82.7,89.1,0.957,1.089,0.650,13.552,5.294,13.558,73.978,0.261,23.737,2.233,2.287,1.632,2.197,3.287,1.325,3.036,1.710,2.387,12.960,5.762,18.891,23.403,0.000,0.000,1600.6,2395.7,3910.1,3939.9,800.0,19.4,52.8,29.7,36.2,66.9,100.0,0,0.0,§_,§_,§_,10.596,2.773,4.4,95.1,5340,5700,73.8,1.110,1.110,1.800,1.815,1.005,5.110,§_,§_,§_,61,61,53,99.0,100.0,§_,§_,8741,6493,0.0,1.0,1.0,0.000,0.114,21710,11832,84.2,2400.0,0.0,16.0,0.0,85.6,94.0,92.5,86.0,0.800,19.976,19.951,20.002,106.928,52.664,78.136,25.676,104.308,6.201,31.799,77.223,1875.0,2250.2,1800.0,1915.3,1800.0,93.0,24.0,0.0,11.0,57.0,15.9,79.6,0.0,0.0,0.0,0.0,¬O,§_,¬O,§_,§_,§_,§_,0,0,0,0,0,0,0,0,0,0,0,0,0,0,0,0,0,0,0,5287,6995,6717,409,16.0,16.966,60.093,84.0,0.000,5.9,76,1,1,13.0,94.3,2218.2,4.7,94.0,10.60,214.60,0.45,0.62,8.25,21.72,0.00,24,11,0.0,0.0,0,45.303,
25.1.2026,21:7:41.358,22611,11400,66.4,14458,17504,45.2,4.9,0.949,0.955,0.945,0.945,0.950,0.950,0.950,0.950,0.950,3911.7,3868.0,3917.9,3917.9,3917.9,3917.9,3917.9,3917.9,3917.9,99.8,1316.3,2144.7,1087.5,796.3,800.1,1324.0,1132.8,2414.1,1474.3,614.4,643.5,2197.3,1633.3,902.2,885.0,1676.2,1335.6,1316.3,33.0,44.2,28.0,20.8,20.9,34.1,29.0,61.5,37.4,16.0,16.8,56.1,41.4,22.9,22.9,42.7,33.8,61.5,33.0,31.6,41.7,26.5,19.5,19.6,32.4,27.6,59.7,36.3,15.1,15.7,54.3,40.2,21.5,21.4,41.0,32.4,31.6,39.2,38.8,39.2,39.2,39.2,39.2,39.2,39.2,39.2,0.0,52.7,55.5,30.7,50.3,83.6,22.5,81.8,34.2,62.5,45.9,44.5,66.7,49.7,16.4,68.8,18.2,65.8,37.5,1.4,0.0,2.6,0.0,0.0,8.9,0.0,0.0,0.0,2395.7,24.00,40,39,39,77,116,384,1,95.2,95.0,84.0,84.2,87.7,88.2,89.6,87.9,95.0,85.0,90.4,83.0,82.7,88.9,0.955,1.089,0.650,13.240,5.300,13.223,73.777,0.262,23.420,2.165,2.224,1.584,2.035,3.384,1.212,2.874,1.644,2.363,12.650,5.768,18.589,23.404,0.000,0.000,1601.4,2395.7,3901.6,3931.2,800.0,18.9,52.7,29.3,36.2,66.9,100.0,0,0.0,§_,§_,§_,10.205,2.751,4.2,95.1,5340,5700,73.8,1.110,1.110,1.800,1.815,1.005,5.110,§_,§_,§_,61,61,55,99.0,100.0,§_,§_,8741,6493,1.0,0.6,1.6,0.024,0.090,21710,11832,84.2,2400.0,0.0,16.0,0.0,85.7,96.0,92.9,86.0,0.800,19.982,19.957,20.008,107.832,54.351,78.252,25.664,104.422,6.201,31.795,76.650,1890.0,2250.2,1815.0,1895.4,1815.0,94.0,23.0,0.0,11.0,56.9,16.6,82.9,0.0,0.0,0.0,0.0,¬O,§_,¬O,§_,§_,§_,§_,0,0,0,0,0,0,0,0,0,0,0,0,0,0,0,0,0,0,0,5291,6991,6713,409,16.0,16.964,60.093,84.0,0.000,5.9,76,1,1,17.1,85.5,1726.5,1.9,85.3,11.70,519.55,0.58,0.61,9.84,47.47,0.00,24,11,0.0,0.0,0,57.476,
25.1.2026,21:7:43.367,23018,10992,67.6,14526,17436,45.4,4.9,0.994,1.000,1.000,1.000,0.990,0.990,0.990,0.990,0.990,3779.4,4092.6,3274.1,3274.1,4067.7,4067.7,4092.6,4092.6,3274.1,99.8,1324.3,2045.2,1031.6,725.6,765.4,1339.0,988.2,2618.7,1345.1,924.3,1270.8,1990.7,1695.2,889.1,825.9,1404.2,1329.3,1324.3,34.0,42.7,27.1,19.6,20.7,35.2,26.0,67.2,34.7,24.9,34.9,51.3,43.8,23.3,21.9,36.4,34.4,67.2,34.0,31.8,39.7,25.1,17.8,18.7,32.8,24.0,64.8,33.1,22.8,31.4,49.1,41.9,21.2,19.9,34.1,32.3,31.8,37.9,41.0,32.8,32.8,40.8,40.8,41.0,41.0,32.8,0.0,53.9,53.0,28.0,48.4,86.0,45.0,79.5,33.3,57.7,44.2,47.0,59.3,51.6,14.0,52.3,20.5,66.7,42.3,2.0,0.0,12.8,0.0,0.0,2.8,0.0,0.0,0.0,2267.8,22.72,40,39,39,77,116,384,1,95.2,95.0,83.8,84.0,87.9,88.1,89.1,88.3,94.9,86.6,90.5,83.3,82.7,88.8,0.954,1.051,0.650,13.413,4.958,13.430,73.287,0.260,22.993,2.232,2.153,1.476,2.025,3.202,2.199,2.888,1.631,2.286,12.802,5.314,18.285,23.401,0.000,0.000,1503.1,2222.1,3891.3,3922.2,800.0,19.2,52.3,28.7,36.0,66.9,100.0,14,0.0,§_,§_,§_,9.070,2.433,4.3,95.1,5340,5700,73.8,1.110,1.110,1.800,1.815,1.005,5.110,§_,§_,§_,61,61,53,99.0,100.0,§_,§_,8741,6493,0.0,1.0,1.0,0.000,0.388,21710,11832,84.2,2400.0,0.0,16.0,0.0,85.5,94.0,92.8,86.0,0.820,19.980,19.953,20.006,112.563,46.426,78.871,25.939,105.311,6.201,32.063,18.164,1965.0,2250.2,1845.0,2038.3,1845.0,95.0,25.0,0.0,9.0,58.7,12.8,64.1,0.0,0.0,0.0,0.0,¬O,§_,¬O,§_,§_,§_,§_,0,0,0,0,0,0,0,0,0,0,0,0,0,0,0,0,0,0,0,5074,7208,6931,422,16.0,16.960,60.093,84.0,0.000,5.9,130,1,1,7.5,125.9,2288.6,10.6,126.5,7.94,94.77,0.44,0.66,6.05,18.98,0.00,24,11,0.0,0.0,0,58.432,
25.1.2026,21:7:45.377,23003,11007,67.6,14509,17454,45.3,4.9,1.002,1.005,0.995,1.000,1.000,1.000,1.005,1.005,1.005,3888.0,3274.1,4092.6,4092.6,4092.6,4092.6,4092.6,3274.1,4092.6,99.8,1184.6,1963.3,916.1,657.8,625.1,1283.5,884.2,2570.0,1177.1,514.5,536.0,2226.5,1391.8,794.3,782.3,1443.0,1188.3,1184.6,29.6,41.6,23.5,17.3,16.5,33.1,22.4,64.5,29.3,13.7,14.2,56.0,34.8,20.2,20.2,36.4,30.0,64.5,29.6,28.4,38.9,22.3,16.1,15.3,31.3,21.4,63.8,28.9,12.6,13.1,55.0,34.3,18.8,19.0,35.0,28.9,28.4,39.0,32.8,41.0,41.0,41.0,41.0,41.0,32.8,41.0,0.0,48.2,51.1,24.8,44.8,81.3,19.0,78.4,31.0,55.6,50.0,48.9,68.8,55.2,18.7,73.3,21.6,69.0,44.4,1.8,0.0,6.5,0.0,0.0,7.9,0.0,0.0,0.0,2395.7,24.00,40,39,39,77,116,384,1,95.2,95.0,83.9,84.1,87.8,88.3,89.3,88.0,95.0,85.2,90.5,83.2,82.7,89.1,0.978,1.089,0.650,12.898,5.197,12.922,76.183,0.262,23.247,2.121,2.201,1.469,1.996,3.272,1.204,2.916,1.640,2.274,12.637,5.657,18.464,23.397,0.000,0.000,1597.1,2395.7,3991.7,4021.6,800.0,18.5,54.4,29.1,35.9,66.8,100.0,20,0.0,§_,§_,§_,9.033,2.436,3.9,95.1,5340,5700,73.5,1.095,1.110,1.800,1.815,1.005,5.110,§_,§_,§_,61,61,54,99.0,100.0,§_,§_,8741,6493,0.0,2.0,2.0,0.032,0.447,21710,11833,84.0,2271.9,0.0,16.0,0.0,85.8,96.0,93.1,86.0,0.820,19.974,19.947,20.001,108.437,46.815,78.242,25.892,104.624,6.201,32.013,22.657,1950.0,2250.2,1845.0,1952.9,1845.0,97.0,26.0,0.0,10.0,58.7,13.6,68.2,0.0,0.0,0.0,0.0,¬O,§_,¬O,§_,§_,§_,§_,0,0,0,0,0,0,0,0,0,0,0,0,0,0,0,0,0,0,0,5074,7208,6930,414,16.0,16.966,60.093,84.0,0.000,5.9,128,1,1,7.5,129.1,2468.5,1.8,128.1,7.74,548.21,0.41,0.79,6.23,40.33,0.00,24,11,0.0,0.1,0,58.075,
25.1.2026,21:7:47.389,23139,10871,68.0,14530,17432,45.4,4.9,0.916,0.915,0.915,0.915,0.915,0.915,0.915,0.920,0.920,3768.2,3768.2,3768.2,3768.2,3768.2,3768.2,3768.2,3768.2,3768.2,99.8,1429.5,2280.6,1189.6,946.0,912.5,1595.9,1148.4,2571.2,1410.3,791.8,825.1,2338.3,1630.3,1066.0,1066.3,1779.3,1320.5,1429.5,37.1,48.1,31.6,25.2,24.4,42.4,30.5,68.1,37.4,21.3,22.1,62.0,43.2,28.0,28.2,47.0,34.7,68.1,37.1,34.3,44.4,29.0,23.1,22.3,39.0,28.0,63.6,34.6,19.4,20.1,57.8,40.1,25.6,25.8,43.5,32.0,34.3,37.8,37.8,37.8,37.8,37.8,37.8,37.8,37.8,37.8,0.0,57.1,60.1,36.3,56.6,84.2,30.1,83.3,42.3,64.0,41.2,39.9,57.2,43.4,15.8,63.1,16.7,57.7,36.0,1.7,0.0,6.6,0.0,0.0,6.9,0.0,0.0,0.0,2395.7,24.00,40,39,39,77,116,384,1,94.4,93.1,84.0,84.1,87.2,88.1,88.5,87.9,93.1,85.1,89.2,83.3,82.2,88.3,0.917,1.088,0.650,13.234,5.384,13.125,67.924,0.264,23.038,2.015,2.082,1.513,2.001,2.835,1.290,2.657,1.631,2.112,12.121,5.860,18.152,23.390,0.000,0.000,1632.9,2395.7,3738.9,4707.2,800.0,18.8,48.5,28.8,35.6,66.8,98.0,20,0.0,§_,§_,§_,11.557,3.260,4.6,94.1,5340,5700,73.5,1.095,1.110,1.800,1.815,1.005,5.110,§_,§_,§_,61,61,53,99.0,100.0,§_,§_,8741,6493,0.0,1.4,1.4,0.000,0.197,21710,11834,84.1,2400.0,0.0,16.0,0.0,85.8,94.0,92.8,86.0,0.835,19.982,19.958,20.006,106.563,49.460,74.456,25.047,100.009,6.201,31.162,53.463,2010.0,2250.2,1875.0,1972.6,1875.0,92.0,24.0,0.0,9.0,60.0,13.9,69.5,0.0,0.0,0.0,0.0,¬O,§_,¬O,§_,§_,§_,§_,0,0,0,0,0,0,0,0,0,0,0,0,0,0,0,0,0,0,0,4914,7368,7091,422,16.0,16.962,60.093,84.0,0.000,5.9,115,1,1,8.6,118.0,16.8,0.9,118.0,8.48,1111.88,59.50,0.85,7.10,188.16,0.00,24,11,0.1,0.0,0,55.884,
25.1.2026,21:7:49.385,23132,10878,68.0,14519,17443,45.4,4.9,0.898,0.895,0.895,0.895,0.900,0.900,0.900,0.900,0.900,3668.4,3668.4,3668.4,3668.4,3668.4,3668.4,3668.4,3668.4,3668.4,99.8,1703.5,2643.5,1445.8,1357.2,1127.2,1972.5,1434.8,2562.5,1846.0,1037.3,1051.9,2491.5,1877.8,1495.2,1225.5,2077.8,1609.5,1703.5,44.7,56.2,38.6,36.3,30.1,52.7,38.4,68.7,49.6,27.8,28.2,66.9,50.5,39.5,32.6,55.5,42.9,68.7,44.7,40.9,51.6,35.4,33.2,27.5,48.5,35.1,63.2,45.5,25.3,25.8,61.5,46.3,36.2,29.8,51.0,39.4,40.9,36.8,36.8,36.8,36.8,36.8,36.8,36.8,36.8,36.8,0.0,67.3,70.7,49.6,70.1,88.9,40.2,88.0,54.7,75.9,32.7,29.3,50.4,29.9,11.1,59.8,12.0,45.3,24.1,0.0,0.0,0.0,0.0,0.0,0.0,0.0,0.0,0.0,2395.7,24.00,40,39,39,77,116,384,1,94.5,94.6,85.0,85.0,88.5,89.4,90.1,89.6,94.6,86.5,90.3,84.1,83.1,89.4,0.902,1.088,0.650,14.660,5.610,14.703,66.043,0.266,24.522,2.224,2.265,1.804,2.307,2.953,1.567,2.734,1.850,2.310,13.232,6.105,19.510,23.397,0.000,0.000,1694.9,2395.7,3678.5,3944.9,800.0,21.0,47.2,30.7,36.2,66.8,99.6,20,0.0,§_,§_,§_,14.313,4.137,5.4,94.1,5340,5700,73.5,1.095,1.110,1.815,1.815,1.005,5.110,§_,§_,§_,61,61,53,99.0,100.0,§_,§_,8741,6493,0.9,1.0,1.9,0.138,0.144,21710,11834,84.1,2400.0,0.0,16.0,0.0,86.0,96.0,93.4,86.0,0.815,19.980,19.955,20.005,108.340,40.793,75.300,25.283,101.066,6.201,31.405,5.874,1950.0,2250.2,1845.0,1983.2,1845.0,96.0,24.0,0.0,10.0,60.0,14.5,72.5,0.0,0.0,0.0,0.0,¬O,§_,¬O,§_,§_,§_,§_,0,0,0,0,0,0,0,0,0,0,0,0,0,0,0,0,0,0,0,4914,7368,7090,414,16.0,16.964,60.093,84.0,0.000,5.9,117,1,1,8.1,117.7,200.7,0.5,117.6,8.50,1841.48,4.98,0.97,7.48,647.63,0.00,24,11,0.0,0.0,0,40.420,
25.1.2026,21:7:51.394,23115,10895,67.9,14498,17465,45.3,4.9,0.890,0.890,0.890,0.890,0.890,0.890,0.890,0.890,0.890,3643.4,3643.4,3643.4,3643.4,3643.4,3643.4,3643.4,3643.4,3643.4,99.8,1752.9,2703.0,1555.6,1361.8,1226.0,1834.4,1645.0,2500.3,1994.9,1052.0,1072.2,2480.9,1972.3,1511.8,1367.2,2108.8,1660.6,1752.9,45.4,56.4,40.7,36.2,31.9,48.8,43.2,67.0,53.0,27.7,28.3,66.0,52.2,39.7,35.5,55.9,43.8,67.0,45.4,42.1,52.1,38.0,33.4,29.9,45.1,40.4,61.9,49.1,25.6,26.1,61.1,48.5,36.6,33.2,51.7,40.5,42.1,36.5,36.5,36.5,36.5,36.5,36.5,36.5,36.5,36.5,0.0,68.1,72.1,51.2,71.0,89.5,39.8,88.0,57.3,76.1,31.9,27.9,48.8,29.0,10.5,60.2,12.0,42.7,23.9,0.0,0.0,0.0,0.0,0.0,0.0,0.0,0.0,0.0,2395.7,24.00,40,39,39,77,116,384,1,94.9,94.9,85.2,85.2,88.7,89.7,90.4,89.8,94.8,86.6,90.6,84.4,83.3,89.6,0.906,1.088,0.650,14.923,5.641,14.893,66.769,0.269,24.863,2.274,2.344,1.866,2.338,2.942,1.572,2.803,1.946,2.387,13.525,6.138,19.837,23.408,0.000,0.000,1723.0,2395.7,3696.0,3959.6,800.0,21.3,47.7,31.1,36.7,66.9,99.8,20,0.0,§_,§_,§_,14.569,4.224,5.4,94.1,5340,5700,73.5,1.095,1.110,1.815,1.800,1.005,5.110,§_,§_,§_,61,61,53,99.0,100.0,§_,§_,8741,6493,0.5,0.5,1.0,0.130,0.012,21711,11834,85.0,2400.0,0.0,16.0,0.0,85.7,96.0,93.0,86.0,0.835,19.985,19.961,20.009,107.003,44.887,74.879,24.951,100.324,6.201,31.067,21.329,2025.0,2250.2,1875.0,1989.9,1875.0,96.0,24.0,0.0,10.0,59.5,14.4,71.9,0.0,0.0,0.0,0.0,¬O,§_,¬O,§_,§_,§_,§_,0,0,0,0,0,0,0,0,0,0,0,0,0,0,0,0,0,0,0,4978,7304,7026,414,16.0,16.964,60.093,84.0,0.000,5.9,122,1,1,7.9,120.9,15.4,0.6,120.0,8.27,1804.51,65.00,0.92,7.38,518.04,0.00,24,11,0.0,0.0,0,55.456,
25.1.2026,21:7:53.409,23133,10877,68.0,14520,17442,45.4,4.9,0.906,0.905,0.905,0.905,0.905,0.910,0.910,0.910,0.900,3712.1,3718.3,3718.3,3718.3,3718.3,3718.3,3718.3,3718.3,3668.4,99.8,1771.2,2686.9,1645.2,1350.6,1258.7,1820.9,1660.5,2407.2,2111.9,1147.8,1085.5,2518.5,1959.9,1492.4,1446.1,2079.5,1668.1,1771.2,45.9,54.5,43.9,35.6,33.6,48.2,44.3,64.1,56.1,30.1,28.4,67.1,52.3,38.8,38.3,55.0,43.8,67.1,45.9,42.5,50.6,40.4,33.1,30.8,44.8,40.8,59.5,52.1,28.1,26.5,62.3,48.2,36.1,35.2,51.1,40.8,42.5,37.2,37.2,37.2,37.2,37.2,37.2,37.2,37.2,36.8,0.0,68.2,71.6,51.1,70.1,89.5,42.2,88.1,57.9,75.2,31.8,28.4,48.9,29.9,10.5,57.8,11.9,42.1,24.8,0.0,0.0,0.0,0.0,0.0,0.0,0.0,0.0,0.0,2395.7,24.00,40,39,39,77,116,384,1,95.1,95.0,85.4,85.4,88.9,89.9,90.5,90.0,95.0,86.9,90.7,84.6,83.3,89.8,0.907,1.088,0.650,14.989,5.670,14.995,66.917,0.266,24.966,2.281,2.360,1.860,2.303,2.976,1.641,2.791,1.968,2.352,13.593,6.170,19.936,23.423,0.000,0.000,1739.7,2395.7,3700.4,3812.9,800.0,21.4,47.8,31.2,37.3,66.9,100.0,20,0.0,§_,§_,§_,14.621,4.230,5.5,95.1,5340,5700,73.8,1.095,1.110,1.815,1.800,1.005,5.110,§_,§_,§_,61,61,53,99.0,100.0,§_,§_,8741,6493,0.0,1.0,1.0,0.000,0.081,21711,11834,85.2,2400.0,0.0,16.0,0.0,85.5,96.0,92.6,86.0,0.810,19.988,19.966,20.010,103.875,48.769,71.366,24.578,96.391,6.201,30.716,71.341,1935.0,2250.2,1830.0,1906.3,1830.0,96.0,23.0,0.0,11.0,58.9,14.5,72.4,0.0,0.0,0.0,0.0,¬O,§_,¬O,§_,§_,§_,§_,0,0,0,0,0,0,0,0,0,0,0,0,0,0,0,0,0,0,0,5042,7240,6962,406,16.0,16.956,60.093,84.0,0.000,5.9,115,1,1,8.2,117.8,112.9,0.5,117.7,8.49,1819.50,8.86,1.00,7.15,501.54,0.00,24,11,0.0,0.1,0,40.793,
25.1.2026,21:7:55.405,23106,10905,67.9,14518,17445,45.4,4.9,0.894,0.890,0.895,0.895,0.895,0.895,0.895,0.895,0.895,3643.4,3643.4,3643.4,3643.4,3643.4,3643.4,3643.4,3643.4,3643.4,99.8,1844.7,2738.9,1765.0,1398.2,1319.1,1757.7,1853.7,2370.7,2239.4,1334.9,1186.2,2429.0,2174.4,1556.6,1449.8,2106.5,1834.9,1844.7,48.2,54.8,47.2,37.3,35.2,47.0,49.6,63.7,60.1,35.7,31.7,65.2,58.3,41.2,38.5,56.5,48.8,65.2,48.2,44.3,50.4,43.3,34.3,32.3,43.2,45.6,58.6,55.3,32.8,29.1,60.0,53.6,37.8,35.4,51.9,44.9,44.3,36.5,36.5,36.5,36.5,36.5,36.5,36.5,36.5,36.5,0.0,70.7,73.5,52.8,72.5,90.0,49.2,89.3,59.4,78.7,29.3,26.5,47.2,27.5,10.0,50.8,10.7,40.6,21.3,0.0,0.0,0.0,0.0,0.0,0.0,0.0,0.0,0.0,2395.7,24.00,40,39,39,77,116,384,1,95.1,95.0,85.5,85.6,89.0,90.2,90.6,90.3,95.0,87.4,90.7,84.7,83.4,90.0,0.902,1.088,0.650,15.184,5.721,15.177,66.068,0.267,25.145,2.322,2.350,1.888,2.378,2.930,1.838,2.806,1.973,2.410,13.694,6.225,20.093,23.438,0.000,0.000,1794.0,2395.7,3677.3,3709.2,800.0,21.7,47.2,31.4,37.7,67.0,100.0,20,0.0,§_,§_,§_,15.048,4.460,5.7,95.1,5340,5700,73.8,1.095,1.110,1.815,1.800,1.005,5.110,§_,§_,§_,61,61,53,99.0,100.0,§_,§_,8741,6493,0.0,0.5,0.5,0.000,0.128,21711,11834,85.4,2400.0,0.0,16.0,0.0,85.6,96.0,92.4,86.0,0.800,20.010,19.988,20.032,104.758,42.525,68.973,24.385,93.808,6.201,30.502,25.031,1905.0,2250.2,1815.0,1946.9,1815.0,94.0,23.0,0.0,9.0,60.0,14.0,70.2,0.0,0.0,0.0,0.0,¬O,§_,¬O,§_,§_,§_,§_,0,0,0,0,0,0,0,0,0,0,0,0,0,0,0,0,0,0,0,4914,7368,7090,414,16.0,16.964,60.093,84.0,0.000,5.9,115,1,1,8.4,116.3,111.6,0.5,116.1,8.60,1847.41,8.96,0.98,7.38,646.68,0.00,24,11,0.0,0.0,0,48.776,
25.1.2026,21:7:57.415,23174,10836,68.1,14533,17429,45.4,4.9,0.944,0.940,0.940,0.945,0.945,0.945,0.945,0.945,0.945,3868.0,3868.0,3868.0,3868.0,3868.0,3868.0,3868.0,3868.0,3868.0,99.8,1805.4,2718.0,1816.0,1366.4,1307.4,1628.5,1907.9,2533.8,2021.6,1129.1,1124.3,2313.5,2188.4,1594.6,1345.1,1979.8,1912.4,1805.4,47.0,53.0,48.5,36.5,34.8,43.3,51.0,68.1,54.0,30.1,30.0,62.0,58.6,42.3,35.5,52.7,51.0,68.1,47.0,43.2,48.8,44.6,33.5,32.0,39.9,47.0,62.8,49.8,27.6,27.5,57.2,54.0,38.9,32.7,48.6,47.0,43.2,38.8,38.8,38.8,38.8,38.8,38.8,38.8,38.8,38.8,0.0,68.8,72.6,51.4,71.1,90.2,41.2,89.1,57.7,77.4,31.2,27.4,48.6,28.9,9.8,58.8,10.9,42.3,22.6,0.0,0.0,0.0,0.0,0.0,0.0,0.0,0.0,0.0,2395.7,24.00,40,39,39,77,116,384,1,95.1,95.0,85.5,85.5,88.9,90.0,90.6,90.1,95.0,86.9,90.6,84.5,83.4,89.9,0.904,1.088,0.650,14.941,5.732,14.937,66.517,0.265,24.973,2.261,2.326,1.858,2.294,2.999,1.563,2.783,1.905,2.359,13.513,6.237,19.923,23.453,0.000,0.000,1794.5,2395.7,3689.9,3721.9,800.0,21.3,47.5,31.2,38.0,67.0,100.0,20,0.0,§_,§_,§_,15.013,4.454,5.5,95.1,5340,5700,73.8,1.110,1.110,1.815,1.800,1.005,5.110,§_,§_,§_,61,61,53,99.0,100.0,§_,§_,8741,6493,0.0,1.1,1.1,0.000,0.079,21711,11835,85.6,2400.0,0.0,16.0,0.0,85.2,96.0,92.6,86.0,0.810,19.998,19.974,20.021,101.026,46.060,71.372,24.908,96.762,6.201,31.036,41.567,1935.0,2250.2,1830.0,1914.9,1830.0,95.0,24.0,0.0,8.0,60.8,14.2,71.2,0.0,0.0,0.0,0.0,¬O,§_,¬O,§_,§_,§_,§_,0,0,0,0,0,0,0,0,0,0,0,0,0,0,0,0,0,0,0,4818,7464,7186,422,16.0,16.967,60.093,84.0,0.000,5.9,121,1,1,8.4,122.0,16.7,0.5,121.2,8.20,1839.11,59.98,0.98,7.26,669.38,0.00,24,11,0.0,0.0,0,50.575,
25.1.2026,21:7:59.423,23260,10750,68.3,14557,17405,45.5,4.9,0.934,0.930,0.935,0.935,0.935,0.935,0.935,0.935,0.935,3843.1,3843.1,3843.1,3843.1,3843.1,3843.1,3843.1,3843.1,3843.1,99.8,1621.2,2496.6,1521.7,1044.8,1166.9,1482.7,1673.9,2366.9,1927.1,923.3,946.3,2193.9,2114.2,1343.5,1170.9,1758.9,1807.4,1621.2,41.2,48.1,39.6,27.1,30.3,38.5,43.6,62.3,50.5,23.8,24.5,57.6,55.5,34.5,30.1,45.6,47.1,62.3,41.2,38.7,45.2,37.2,25.5,28.6,36.3,41.0,58.5,47.5,22.5,23.1,54.1,52.2,32.5,28.3,43.0,44.2,38.7,38.5,38.5,38.5,38.5,38.5,38.5,38.5,38.5,38.5,0.0,62.9,65.4,42.6,64.1,87.5,34.3,87.2,49.0,73.1,37.1,34.6,57.4,35.9,12.5,65.7,12.8,51.0,26.9,0.0,0.0,0.0,0.0,0.0,0.0,0.0,0.0,0.0,2395.7,24.00,40,39,39,77,116,384,1,95.1,95.0,85.1,85.1,88.6,89.5,90.2,89.5,95.0,86.5,90.9,84.2,83.3,89.7,0.918,1.088,0.650,14.373,5.552,14.392,68.934,0.265,24.398,2.203,2.216,1.702,2.183,3.044,1.458,2.904,1.790,2.327,13.200,6.042,19.414,23.465,0.000,0.000,1648.5,2395.7,3749.1,3781.1,800.0,20.6,49.2,30.5,37.9,67.0,100.0,20,0.0,§_,§_,§_,13.533,3.848,5.0,95.1,5340,5700,73.8,1.110,1.110,1.815,1.800,1.005,5.110,§_,§_,§_,61,61,54,99.0,100.0,§_,§_,8741,6493,1.0,0.2,1.2,0.522,0.020,21712,11835,85.5,2400.0,0.0,16.0,0.0,85.1,94.0,92.2,86.0,0.820,19.998,19.975,20.021,101.997,42.901,72.025,24.330,96.822,6.201,30.453,20.445,1965.0,2250.2,1845.0,1915.4,1845.0,96.0,23.0,0.0,10.0,59.5,14.2,71.1,0.0,0.0,0.0,0.0,¬O,§_,¬O,§_,§_,§_,§_,0,0,0,0,0,0,0,0,0,0,0,0,0,0,0,0,0,0,0,4970,7312,7034,414,16.0,16.961,60.093,84.0,0.000,5.9,112,1,1,8.7,111.8,16.5,0.5,111.7,8.95,1842.80,60.70,0.91,7.84,668.06,0.00,24,11,0.0,0.0,0,50.035,
25.1.2026,21:8:1.417,23443,10568,68.9,14623,17339,45.7,4.9,0.934,0.935,0.930,0.935,0.935,0.935,0.935,0.935,0.935,3824.4,3818.1,3843.1,3843.1,3818.1,3818.1,3818.1,3818.1,3818.1,99.8,1459.6,2165.2,1395.5,900.1,1067.4,1289.6,1466.7,2128.6,1960.8,789.6,836.3,2199.9,1908.6,1097.0,1095.6,1476.3,1575.8,1459.6,38.0,41.3,37.6,24.5,29.0,34.7,39.5,56.9,52.1,21.4,22.6,57.8,51.1,29.2,29.4,39.4,42.0,57.8,38.0,34.8,37.6,34.1,22.0,26.1,31.5,35.9,52.6,48.3,19.2,20.3,54.3,47.0,26.4,26.5,36.0,38.3,34.8,38.3,38.2,38.5,38.5,38.2,38.2,38.2,38.2,38.2,0.0,57.3,57.8,39.3,56.0,84.7,30.7,84.2,43.6,62.5,37.1,37.3,43.9,37.4,15.3,53.6,15.8,56.4,37.5,5.5,4.9,16.9,6.7,0.0,15.8,0.0,0.0,0.0,2207.6,22.12,40,39,39,77,116,384,1,95.2,95.0,84.2,84.5,87.9,88.2,89.3,88.2,94.7,85.4,90.9,83.7,82.8,88.9,0.929,1.032,0.650,13.357,5.004,13.428,69.520,0.262,22.578,2.030,1.996,1.465,1.950,3.005,1.246,2.871,1.632,2.078,12.326,5.325,17.820,23.469,0.000,0.000,1499.2,2140.5,3774.7,3806.2,800.0,19.2,49.7,28.2,37.6,67.1,100.0,20,0.0,§_,§_,§_,11.106,3.318,4.6,95.1,5340,5700,74.0,1.110,1.110,1.815,1.800,1.005,5.110,§_,§_,§_,61,61,53,99.0,100.0,§_,§_,8741,6493,0.4,0.6,1.0,0.130,0.030,21712,11835,85.1,2400.0,0.0,16.0,0.0,81.1,94.0,87.0,86.0,0.875,20.239,20.243,20.235,99.745,17.554,20.245,11.802,32.073,6.201,18.009,17.509,2175.0,2250.2,1950.0,1838.3,1965.0,47.0,12.0,0.0,4.0,60.8,12.7,63.5,0.0,0.0,0.0,0.0,¬O,§_,§_,¬O,§_,§_,§_,0,0,0,0,0,0,0,0,0,0,0,0,0,0,0,0,0,0,0,4817,7465,7188,414,16.0,16.964,60.093,84.0,0.000,5.9,67,1,1,9.1,108.9,21.1,0.5,109.7,9.19,1859.92,47.33,1.47,8.45,670.43,0.00,24,11,0.3,3.8,0,17.042,
25.1.2026,21:8:3.425,23299,10711,68.5,14596,17366,45.6,4.9,0.939,0.935,0.935,0.940,0.940,0.940,0.940,0.940,0.940,3893.0,3893.0,3893.0,3893.0,3893.0,3893.0,3893.0,3893.0,3893.0,99.8,1452.6,2256.5,1241.6,916.7,941.9,1437.6,1315.8,2150.7,1939.3,782.7,841.9,2108.3,1936.3,1118.1,1064.8,1665.4,1524.6,1452.6,36.4,44.9,31.8,23.4,24.1,37.0,33.7,55.4,50.1,20.0,21.5,54.2,49.7,28.2,27.1,42.5,39.0,55.4,36.4,34.9,42.8,30.3,22.4,23.1,35.2,32.2,53.1,47.9,19.2,20.6,52.0,47.8,27.0,25.9,40.7,37.4,34.9,39.0,39.0,39.0,39.0,39.0,39.0,39.0,39.0,39.0,0.0,56.7,58.1,35.4,55.6,84.5,29.9,82.9,42.6,65.0,42.4,41.2,62.1,43.8,15.5,67.1,17.1,57.4,35.0,0.8,0.6,2.5,0.6,0.0,3.0,0.0,0.0,0.0,2379.0,23.83,40,39,39,77,116,384,1,95.2,95.0,84.5,84.6,88.3,88.9,89.8,88.8,95.0,86.0,90.9,83.8,83.0,89.4,0.940,1.084,0.650,13.967,5.353,13.916,72.310,0.260,24.012,2.202,2.184,1.619,2.137,3.151,1.439,2.986,1.752,2.345,13.132,5.814,19.116,23.463,0.000,0.000,1600.1,2373.0,3835.2,3866.3,800.0,19.9,51.7,30.0,36.8,67.0,100.0,20,0.0,§_,§_,§_,11.824,3.291,4.5,95.1,5340,5700,74.0,1.110,1.110,1.815,1.800,1.005,5.110,§_,§_,§_,61,61,53,99.0,100.0,§_,§_,8741,6493,0.0,0.9,0.9,0.000,0.012,21712,11835,84.5,2211.6,0.0,16.0,0.0,85.6,94.0,92.7,86.0,0.800,20.009,19.984,20.033,100.904,47.674,73.068,23.161,96.782,6.201,29.290,60.784,1905.0,2250.2,1815.0,1984.9,1815.0,93.0,21.0,0.0,9.0,59.5,13.0,65.2,0.0,0.0,0.0,0.0,¬O,§_,¬O,§_,§_,§_,§_,0,0,0,0,0,0,0,0,0,0,0,0,0,0,0,0,0,0,0,4975,7307,7058,415,16.0,16.932,60.093,84.0,0.000,5.9,92,1,1,10.2,90.1,20.6,0.8,89.6,11.10,1223.63,48.57,0.93,11.77,497.09,0.00,24,11,5.5,3.2,0,44.430,
25.1.2026,21:8:5.420,23298,10712,68.5,14577,17385,45.6,4.9,0.955,0.955,0.955,0.955,0.955,0.955,0.955,0.955,0.955,3917.9,3917.9,3917.9,3917.9,3917.9,3917.9,3917.9,3917.9,3917.9,99.8,1587.8,2421.9,1437.4,1118.1,1056.6,1614.7,1414.9,2267.5,2056.5,915.0,1016.0,2194.5,2084.3,1326.9,1087.6,1694.2,1698.9,1587.8,40.6,47.7,37.7,29.5,27.8,42.2,37.0,59.5,54.2,24.2,26.8,57.5,54.8,34.4,28.4,43.9,44.3,59.5,40.6,37.9,44.7,35.2,27.3,25.7,39.5,34.5,55.9,50.7,22.2,24.7,54.1,51.4,32.0,26.3,41.2,41.4,37.9,39.2,39.2,39.2,39.2,39.2,39.2,39.2,39.2,39.2,0.0,61.1,63.0,41.1,60.9,88.0,34.8,86.3,46.9,68.0,37.8,36.9,54.6,38.9,12.0,61.5,13.7,53.1,32.0,1.0,0.1,4.3,0.2,0.0,3.6,0.0,0.0,0.0,2370.6,23.75,40,39,39,77,116,384,1,95.2,95.0,84.6,84.7,88.4,89.2,90.1,89.2,95.0,86.4,90.5,84.1,82.9,89.5,0.925,1.081,0.650,14.182,5.418,14.152,70.010,0.262,24.093,2.236,2.263,1.720,2.203,3.157,1.524,2.872,1.814,2.332,13.117,5.880,19.167,23.466,0.000,0.000,1611.6,2361.7,3775.0,3806.6,800.0,20.2,50.0,30.1,36.8,67.0,100.0,20,0.0,§_,§_,§_,12.593,3.459,4.9,95.1,5340,5700,74.0,1.110,1.110,1.815,1.800,1.005,5.110,§_,§_,§_,61,61,53,99.0,100.0,§_,§_,8741,6493,0.0,0.6,0.6,0.000,0.030,21712,11835,84.6,2383.3,0.0,16.0,0.0,85.9,94.0,93.1,86.0,0.835,19.985,19.960,20.010,100.916,48.947,77.326,23.972,101.830,6.201,30.094,44.048,2025.0,2250.2,1875.0,2065.5,1875.0,97.0,23.0,0.0,12.0,59.9,13.6,68.1,0.0,0.0,0.0,0.0,¬O,§_,¬O,§_,§_,§_,§_,0,0,0,0,0,0,0,0,0,0,0,0,0,0,0,0,0,0,0,4925,7357,7080,426,16.0,16.953,60.093,84.0,0.000,5.9,90,1,1,12.3,90.1,19.5,0.5,90.4,11.10,1854.82,51.17,0.93,9.88,668.84,0.00,24,11,0.0,0.0,0,59.160,
25.1.2026,21:8:7.443,23142,10868,68.0,14479,17483,45.2,4.9,0.954,0.955,0.955,0.955,0.955,0.950,0.950,0.955,0.955,3917.9,3917.9,3917.9,3917.9,3917.9,3917.9,3917.9,3917.9,3917.9,99.8,1571.3,2417.4,1300.6,1103.2,1008.5,1728.9,1375.9,2193.8,2055.2,933.8,889.0,2216.0,2033.5,1324.3,1163.0,1756.5,1641.1,1571.3,40.1,50.1,33.8,28.7,26.3,45.0,35.7,57.4,53.6,24.3,23.2,57.8,53.5,33.9,30.2,45.5,42.6,57.8,40.1,37.7,47.1,31.8,27.0,24.6,42.4,33.6,54.1,50.6,22.7,21.7,54.6,50.4,31.8,28.3,42.9,40.0,37.7,39.2,39.2,39.2,39.2,39.2,39.2,39.2,39.2,39.2,0.0,61.2,62.8,40.3,62.7,86.6,33.4,86.6,48.4,68.8,38.7,37.2,58.9,37.3,13.4,66.3,13.4,51.6,31.2,0.1,0.0,0.8,0.0,0.0,0.3,0.0,0.0,0.0,2395.7,24.00,40,39,39,77,116,384,1,94.9,94.7,84.8,84.9,88.5,89.4,89.9,89.5,94.7,86.5,90.5,84.3,83.0,89.6,0.925,1.088,0.650,14.290,5.453,14.334,70.041,0.263,24.277,2.232,2.248,1.714,2.270,3.035,1.493,2.880,1.866,2.349,13.221,5.935,19.327,23.475,0.000,0.000,1614.3,2395.7,3778.6,4021.5,800.0,20.5,50.0,30.4,37.1,67.1,99.6,20,0.0,§_,§_,§_,12.803,3.509,4.9,95.1,5340,5700,74.0,1.110,1.110,1.815,1.800,1.005,5.180,§_,§_,§_,61,61,53,99.0,100.0,§_,§_,8741,6493,0.0,1.0,1.0,0.002,0.109,21712,11835,84.7,2374.9,0.0,16.0,0.0,85.2,94.0,92.3,86.0,0.810,20.013,19.991,20.035,107.558,50.896,71.857,23.469,95.830,6.201,29.594,78.295,1905.0,2250.2,1815.0,2028.6,1815.0,97.0,23.0,0.0,11.0,59.5,14.4,71.8,0.0,0.0,0.0,0.0,¬O,§_,¬O,§_,§_,§_,§_,0,0,0,0,0,0,0,0,0,0,0,0,0,0,0,0,0,0,0,4980,7302,7025,426,16.0,16.956,60.093,84.0,0.000,5.9,94,1,1,12.4,101.6,14.9,0.6,101.0,9.85,1801.43,66.92,1.02,8.73,664.60,0.00,24,11,0.2,0.0,0,51.024,
25.1.2026,21:8:9.454,23223,10788,68.2,14487,17475,45.3,4.9,0.966,0.965,0.965,0.970,0.965,0.965,0.965,0.965,0.965,3755.7,3194.2,3194.2,3942.9,3942.9,3942.9,3942.9,3942.9,3942.9,99.8,1381.6,2172.2,1120.2,981.4,787.9,1496.7,1069.8,2293.5,1638.8,835.6,668.4,2308.4,1697.4,1153.5,893.8,1695.5,1292.5,1381.6,34.3,44.0,28.4,25.0,19.9,38.0,27.1,58.3,41.6,21.2,16.8,58.8,42.9,29.3,22.2,42.8,32.7,58.8,34.3,33.2,42.2,27.4,24.0,19.2,36.6,26.2,56.6,40.5,20.4,16.3,57.0,41.8,28.2,21.4,41.4,31.7,33.2,37.6,32.0,32.0,39.5,39.5,39.5,39.5,39.5,39.5,0.0,53.5,55.3,33.0,51.2,80.7,26.6,82.3,39.0,60.2,46.1,44.7,65.3,48.8,19.3,72.1,17.7,61.0,39.8,0.4,0.0,1.7,0.0,0.0,1.3,0.0,0.0,0.0,2395.7,24.00,40,39,39,77,116,384,1,95.1,95.1,84.7,84.8,88.4,89.2,90.0,89.0,95.1,86.2,91.0,84.1,83.0,89.7,0.950,1.088,0.650,13.913,5.355,13.905,73.976,0.267,24.124,2.205,2.240,1.626,2.144,3.101,1.420,3.042,1.757,2.313,13.229,5.828,19.231,23.482,0.000,0.000,1599.9,2395.7,3885.9,4033.7,800.0,19.9,52.8,30.2,37.1,67.1,100.1,20,0.0,§_,§_,§_,11.417,3.158,4.3,95.1,5340,5700,74.0,1.095,1.110,1.815,1.800,1.005,5.180,§_,§_,§_,61,61,53,99.0,100.0,§_,§_,8741,6493,0.0,1.0,1.0,0.000,0.047,21712,11835,84.9,2400.0,0.0,16.0,0.0,85.4,96.0,92.4,86.0,0.810,20.005,19.983,20.027,99.748,42.586,70.451,24.140,95.046,6.201,30.275,20.122,1890.0,2250.2,1815.0,1941.2,1815.0,96.0,22.0,0.0,11.0,59.7,14.8,73.8,0.0,0.0,0.0,0.0,¬O,§_,¬O,§_,§_,§_,§_,0,0,0,0,0,0,0,0,0,0,0,0,0,0,0,0,0,0,0,4948,7334,7022,418,16.0,16.966,60.093,84.0,0.000,5.9,94,1,1,10.9,95.8,20.2,0.5,96.0,10.44,1866.87,49.51,0.90,9.50,674.84,0.00,24,11,0.0,0.0,0,51.868,
25.1.2026,21:8:11.445,23304,10706,68.5,14484,17478,45.3,4.9,0.938,0.940,0.935,0.935,0.935,0.935,0.940,0.940,0.940,3861.8,3843.1,3843.1,3843.1,3868.0,3868.0,3868.0,3868.0,3893.0,99.8,1444.4,2210.6,1092.2,1035.0,833.9,1656.2,1139.8,2522.0,1640.1,895.8,760.6,2311.5,1700.4,1267.6,917.6,1767.9,1360.0,1444.4,36.4,46.4,28.0,26.7,21.5,42.6,29.3,65.0,42.2,23.1,19.6,59.3,43.7,32.3,23.2,45.0,34.7,65.0,36.4,34.7,44.3,26.6,25.3,20.4,40.7,27.8,62.4,40.3,21.8,18.5,56.9,41.8,30.7,22.0,43.0,33.1,34.7,38.7,38.5,38.5,38.5,38.8,38.8,38.8,38.8,39.0,0.0,56.1,56.2,34.9,56.1,85.4,29.5,82.0,41.4,62.8,43.7,43.8,63.7,43.9,14.6,70.1,18.0,58.6,37.2,0.2,0.0,1.4,0.0,0.0,0.4,0.0,0.0,0.0,2395.7,24.00,40,39,39,77,116,384,1,95.1,95.0,84.7,84.8,88.4,89.2,90.0,89.2,95.0,86.3,90.7,84.0,83.0,89.7,0.940,1.089,0.650,13.956,5.378,13.961,72.594,0.267,24.053,2.203,2.166,1.634,2.206,3.151,1.471,2.955,1.737,2.303,13.117,5.854,19.143,23.486,0.000,0.000,1599.3,2395.7,3841.7,3872.5,800.0,19.9,51.9,30.1,37.0,67.1,100.0,20,0.0,§_,§_,§_,11.824,3.270,4.5,95.1,5340,5700,74.0,1.095,1.110,1.815,1.800,1.005,5.180,§_,§_,§_,61,61,53,99.0,100.0,§_,§_,8741,6493,0.0,1.0,1.0,0.000,0.026,21712,11835,84.8,2400.0,0.0,16.0,0.0,86.0,96.0,93.0,86.0,0.840,19.988,19.962,20.014,106.029,62.370,75.942,24.554,101.051,6.201,30.673,141.605,2055.0,2250.2,1905.0,2024.3,1905.0,95.0,25.0,0.0,8.0,59.2,14.5,72.3,0.0,0.0,0.0,0.0,¬O,§_,¬O,§_,§_,§_,§_,0,0,0,0,0,0,0,0,0,0,0,0,0,0,0,0,0,0,0,5016,7266,6988,406,16.0,16.962,60.093,84.0,0.000,5.9,112,1,1,13.2,111.4,18.4,0.5,112.4,8.98,1860.37,54.48,0.97,8.71,670.50,0.00,24,11,0.0,0.0,0,56.563,
25.1.2026,21:8:13.453,23156,10854,68.0,14496,17466,45.3,4.9,0.960,0.960,0.960,0.960,0.960,0.960,0.960,0.960,0.960,3921.1,3942.9,3917.9,3917.9,3917.9,3917.9,3917.9,3917.9,3917.9,99.8,1416.0,2193.4,1067.0,991.4,852.0,1527.3,1192.3,2497.5,1596.2,816.1,786.1,2151.5,1812.9,1161.1,910.1,1683.1,1418.1,1416.0,35.4,46.3,26.9,25.2,21.5,38.9,30.2,64.4,40.7,20.5,19.8,55.2,46.4,29.3,22.6,42.8,35.9,64.4,35.4,34.1,44.4,26.0,24.3,20.8,37.4,29.2,61.9,39.2,19.9,19.2,53.1,44.7,28.2,21.8,41.2,34.6,34.1,39.3,39.5,39.2,39.2,39.2,39.2,39.2,39.2,39.2,0.0,55.0,55.9,34.4,54.0,84.5,28.6,81.6,38.7,62.2,44.7,44.1,63.9,46.0,15.5,70.2,18.4,61.3,37.8,0.4,0.0,1.7,0.0,0.0,1.2,0.0,0.0,0.0,2395.7,24.00,40,39,39,77,116,384,1,95.1,95.0,84.6,84.7,88.4,89.1,89.9,89.1,95.0,86.2,90.8,84.0,83.0,89.6,0.939,1.088,0.650,13.863,5.368,13.821,72.320,0.265,23.934,2.173,2.134,1.645,2.103,3.135,1.430,2.976,1.685,2.276,13.019,5.842,19.034,23.491,0.000,0.000,1597.5,2395.7,3839.0,3869.2,800.0,19.7,51.7,29.9,37.0,67.1,100.0,20,0.0,§_,§_,§_,11.648,3.185,4.4,95.1,5340,5700,74.0,1.095,1.110,1.800,1.800,1.005,5.180,§_,§_,§_,61,61,53,99.0,100.0,§_,§_,8741,6493,0.0,0.6,0.6,0.000,0.022,21712,11835,84.8,2400.0,0.0,16.0,0.0,86.2,96.0,93.4,86.0,0.825,19.981,19.955,20.007,104.593,45.530,76.835,24.525,101.894,6.201,30.637,20.150,1995.0,2250.2,1875.0,1935.1,1860.0,89.0,22.0,0.0,8.0,59.2,14.6,73.2,0.0,0.0,0.0,0.0,¬O,§_,¬O,§_,§_,§_,§_,0,0,0,0,0,0,0,0,0,0,0,0,0,0,0,0,0,0,0,5017,7265,6987,418,16.0,16.962,60.093,84.0,0.000,5.9,102,1,1,9.6,99.1,15.4,0.5,98.7,10.09,1820.12,64.94,1.45,8.97,662.65,0.00,24,11,0.2,0.2,0,58.472,
25.1.2026,21:8:15.461,23284,10726,68.4,14524,17438,45.4,4.9,0.931,0.935,0.935,0.935,0.930,0.930,0.930,0.925,0.925,3790.0,3843.1,3818.1,3818.1,3768.2,3768.2,3768.2,3768.2,3768.2,99.8,1491.9,2326.2,1254.9,1059.0,911.8,1540.0,1333.6,2370.5,1769.2,917.0,808.3,2026.2,2020.4,1249.3,1006.1,1690.4,1587.9,1491.9,37.9,47.6,32.6,27.8,24.0,40.0,34.7,61.5,45.9,24.0,21.2,52.5,52.4,32.3,25.9,43.6,41.0,61.5,37.9,35.8,44.9,30.6,25.9,22.3,37.7,32.6,58.6,43.5,22.4,19.7,49.9,49.9,30.3,24.1,41.3,38.8,35.8,38.0,38.5,38.2,38.2,37.8,37.8,37.8,37.8,37.8,0.0,57.8,59.7,37.6,57.6,84.4,31.3,82.5,43.1,66.3,42.2,40.3,62.2,42.4,15.6,68.5,17.5,56.9,33.7,0.0,0.0,0.2,0.0,0.0,0.2,0.0,0.0,0.0,2395.7,24.00,40,39,39,77,116,384,1,95.2,95.0,84.9,84.9,88.6,89.5,90.2,89.4,95.0,86.5,90.7,84.2,83.2,89.8,0.936,1.088,0.650,14.113,5.436,14.112,71.868,0.266,24.239,2.220,2.246,1.705,2.204,3.044,1.489,2.912,1.777,2.382,13.216,5.916,19.305,23.497,0.000,0.000,1602.1,2395.7,3827.2,3858.4,800.0,20.2,51.3,30.3,37.0,67.1,100.0,20,0.0,§_,§_,§_,12.389,3.343,4.6,95.1,5340,5700,74.0,1.095,1.110,1.800,1.800,1.005,5.180,§_,§_,§_,61,61,53,99.0,100.0,§_,§_,8741,6493,0.0,1.4,1.4,0.000,0.087,21712,11835,84.7,2400.0,0.0,16.0,0.0,85.4,96.0,92.5,86.0,0.840,20.013,19.991,20.035,105.022,48.194,70.891,23.329,94.746,6.201,29.440,56.151,2040.0,2250.2,1890.0,1982.8,1890.0,96.0,23.0,0.0,9.0,60.2,14.6,72.8,0.0,0.0,0.0,0.0,¬O,§_,¬O,§_,§_,§_,§_,0,0,0,0,0,0,0,0,0,0,0,0,0,0,0,0,0,0,0,4894,7388,7111,414,16.0,16.965,60.093,84.0,0.000,5.9,104,1,1,9.0,100.2,130.7,74.6,100.8,9.98,13.41,7.65,9.51,0.29,9.45,0.35,24,11,0.0,0.0,0,56.601,
25.1.2026,21:8:17.489,23163,10847,68.1,14519,17443,45.4,4.9,0.953,0.955,0.955,0.955,0.955,0.955,0.950,0.950,0.950,3905.5,3917.9,3893.0,3893.0,3893.0,3893.0,3917.9,3917.9,3917.9,99.8,1402.1,2172.6,1203.3,957.3,844.0,1246.2,1409.2,1979.6,2051.8,772.0,719.2,1725.6,2231.6,1060.5,995.2,1501.0,1564.1,1402.1,35.0,42.5,30.8,24.5,21.4,31.8,36.1,50.9,53.0,19.5,18.1,44.2,57.7,26.9,25.0,38.2,39.9,57.7,35.0,33.5,40.4,29.4,23.4,20.6,30.5,34.5,48.8,50.7,18.7,17.5,42.4,55.2,25.7,23.9,36.6,38.1,33.5,39.1,39.2,39.0,39.0,39.0,39.0,39.2,39.2,39.2,0.0,54.7,56.0,34.3,53.3,84.4,26.5,81.8,39.6,62.2,44.8,44.0,62.8,46.7,15.6,72.4,18.2,60.4,37.8,0.5,0.0,3.0,0.0,0.0,1.1,0.0,0.0,0.0,2395.7,24.00,40,39,39,77,116,384,1,95.2,95.0,84.6,84.7,88.3,88.9,89.9,88.8,95.0,86.0,90.7,83.8,83.0,89.5,0.936,1.089,0.650,13.708,5.362,13.735,71.666,0.267,23.745,2.143,2.130,1.600,2.086,3.147,1.348,2.938,1.663,2.229,12.840,5.835,18.849,23.502,0.000,0.000,1600.6,2395.7,3824.5,3855.5,800.0,19.6,51.2,29.7,37.0,67.1,100.0,20,0.0,§_,§_,§_,11.550,3.153,4.4,95.1,5340,5700,74.0,1.095,1.110,1.800,1.800,0.990,5.180,§_,§_,§_,61,61,53,99.0,100.0,§_,§_,8741,6493,0.0,0.9,0.9,0.000,0.046,21712,11835,85.0,2400.0,0.0,16.0,0.0,85.3,96.0,92.4,86.0,0.800,20.013,19.991,20.035,95.422,46.776,69.529,23.330,93.361,6.201,29.463,56.137,1905.0,2250.2,1815.0,1899.3,1815.0,94.0,22.0,0.0,9.0,59.2,14.3,71.7,0.0,0.0,0.0,0.0,¬O,§_,¬O,§_,§_,§_,§_,0,0,0,0,0,0,0,0,0,0,0,0,0,0,0,0,0,0,0,5017,7265,6988,414,16.0,16.965,60.093,84.0,0.000,5.9,96,1,1,9.7,93.6,18.1,0.5,94.6,10.68,1836.01,55.25,0.93,9.36,516.46,0.00,24,11,0.0,0.1,0,49.411,
25.1.2026,21:8:19.494,23095,10915,67.9,14508,17454,45.3,4.9,0.948,0.950,0.950,0.950,0.950,0.945,0.945,0.945,0.945,3861.8,3893.0,3868.0,3868.0,3868.0,3843.1,3843.1,3843.1,3868.0,99.8,1554.7,2431.3,1499.6,1066.3,1047.2,1222.5,1760.4,1832.7,2424.6,848.7,895.6,1686.3,2508.0,1165.8,1151.3,1358.1,1977.6,1554.7,39.4,45.8,38.9,27.9,27.3,31.9,45.7,47.9,63.4,22.1,23.4,43.9,65.7,30.2,29.6,35.1,51.4,65.7,39.4,37.1,43.2,36.6,26.1,25.5,29.9,43.0,45.2,60.0,20.7,21.9,41.5,62.1,28.3,27.7,33.1,48.6,37.1,38.7,39.0,38.8,38.8,38.8,38.5,38.5,38.5,38.8,0.0,60.1,62.8,40.6,60.1,87.4,31.5,85.9,44.7,67.5,39.7,37.2,58.5,39.8,12.6,68.0,14.1,55.3,32.5,0.2,0.0,0.9,0.1,0.0,0.5,0.0,0.0,0.0,2394.8,23.99,40,39,39,77,116,384,1,95.2,95.0,84.8,84.9,88.6,89.5,90.3,89.4,95.0,86.4,90.6,84.2,83.1,89.7,0.927,1.088,0.650,14.222,5.457,14.231,70.563,0.266,24.249,2.232,2.287,1.771,2.215,3.123,1.476,2.876,1.790,2.317,13.192,5.938,19.304,23.507,0.000,0.000,1615.2,2394.5,3789.9,3821.2,800.0,20.3,50.4,30.3,37.0,67.2,100.0,20,0.0,§_,§_,§_,12.728,3.489,4.8,95.1,5340,5700,74.0,1.095,1.110,1.800,1.800,0.990,5.180,§_,§_,§_,61,61,54,99.0,100.0,§_,§_,8741,6493,0.0,0.9,0.9,0.000,0.036,21712,11835,84.7,2400.0,0.0,16.0,0.0,85.8,94.0,92.6,86.0,0.815,19.986,19.962,20.010,104.995,58.331,76.493,24.095,101.112,6.201,30.229,113.380,1905.0,2250.2,1815.0,2019.5,1845.0,97.0,23.0,0.0,11.0,59.2,14.2,71.2,0.0,0.0,0.0,0.0,¬O,§_,¬O,§_,§_,§_,§_,0,0,0,0,0,0,0,0,0,0,0,0,0,0,0,0,0,0,0,5015,7267,6990,426,16.0,16.964,60.093,84.0,0.000,5.9,93,1,1,9.0,97.8,130.2,0.5,97.1,10.23,1867.54,7.68,0.92,9.05,656.74,0.00,24,11,0.1,0.1,0,56.807,
25.1.2026,21:8:21.522,23215,10795,68.2,14523,17439,45.4,4.9,0.953,0.950,0.950,0.950,0.950,0.955,0.955,0.955,0.955,3917.9,3917.9,3917.9,3917.9,3917.9,3917.9,3917.9,3917.9,3917.9,99.8,1586.4,2433.2,1550.3,1026.4,1071.1,1238.8,1830.1,1747.4,2513.1,871.1,940.7,1777.9,2489.1,1228.0,1165.8,1509.2,1989.8,1586.4,39.5,44.9,39.5,26.1,27.2,31.5,46.7,44.9,64.9,22.1,23.8,45.7,64.3,31.0,29.3,38.4,51.0,64.9,39.5,37.8,43.0,37.9,25.1,26.1,30.3,44.7,43.0,62.1,21.3,22.9,43.8,61.4,29.8,28.1,36.8,48.7,37.8,39.2,39.2,39.2,39.2,39.2,39.2,39.2,39.2,39.2,0.0,60.3,62.5,38.9,61.3,86.3,32.0,86.1,45.3,70.4,39.6,37.5,61.0,38.7,13.7,67.9,13.9,54.7,29.6,0.0,0.0,0.1,0.0,0.0,0.1,0.0,0.0,0.0,2395.7,24.00,40,39,39,77,116,384,1,95.1,95.0,85.0,85.0,88.7,89.8,90.2,89.7,95.0,86.7,90.8,84.4,83.2,90.0,0.933,1.088,0.650,14.433,5.448,14.429,71.605,0.266,24.520,2.272,2.329,1.726,2.301,3.091,1.507,2.932,1.835,2.453,13.464,5.929,19.566,23.516,0.000,0.000,1606.8,2395.7,3813.7,3845.5,800.0,20.6,51.1,30.7,37.2,67.2,100.0,20,0.0,§_,§_,§_,12.846,3.531,4.8,95.1,5340,5700,74.0,1.110,1.110,1.800,1.800,0.990,5.180,§_,§_,§_,61,61,53,99.0,100.0,§_,§_,8741,6493,0.0,0.5,0.5,0.000,0.014,21712,11836,84.9,2399.2,0.0,16.0,0.0,85.4,96.0,92.6,86.0,0.800,20.016,19.995,20.037,101.221,41.304,68.109,24.194,92.750,6.201,30.310,17.227,1905.0,2250.2,1815.0,1954.6,1815.0,96.0,23.0,0.0,8.0,60.1,14.5,72.5,0.0,0.0,0.0,0.0,¬O,§_,¬O,§_,§_,§_,§_,0,0,0,0,0,0,0,0,0,0,0,0,0,0,0,0,0,0,0,4895,7387,7110,413,16.0,16.961,60.093,84.0,0.000,5.9,109,1,1,8.8,108.1,18.5,0.5,107.8,9.25,1842.22,54.15,0.93,8.44,666.71,0.00,24,11,0.1,0.1,0,50.340,
25.1.2026,21:8:23.516,23205,10805,68.2,14508,17454,45.3,4.9,0.953,0.945,0.950,0.950,0.955,0.955,0.955,0.955,0.955,3899.2,3893.0,3917.9,3917.9,3893.0,3893.0,3893.0,3893.0,3893.0,99.8,1508.0,2284.8,1377.8,956.0,1009.9,1296.2,1641.6,1900.0,2216.9,819.7,895.2,1994.8,2196.5,1169.8,1140.1,1507.9,1721.6,1508.0,38.2,44.3,35.6,24.9,26.3,33.8,42.4,49.5,57.8,21.3,23.3,52.0,57.1,30.2,29.3,39.0,44.2,57.8,38.2,36.1,41.9,33.7,23.4,24.7,31.9,40.1,46.9,54.8,20.0,21.9,49.3,54.2,28.5,27.6,36.9,41.9,36.1,39.1,39.0,39.2,39.2,39.0,39.0,39.0,39.0,39.0,0.0,57.9,58.9,37.1,58.6,84.2,30.9,84.9,44.4,64.6,42.0,41.1,62.4,41.4,15.8,69.0,15.1,55.6,35.4,0.1,0.0,0.4,0.0,0.0,0.2,0.0,0.0,0.0,2395.7,24.00,40,39,39,77,116,384,1,95.2,95.0,84.8,84.9,88.5,89.4,90.0,89.3,95.0,86.4,90.8,84.2,83.0,89.7,0.931,1.088,0.650,14.120,5.416,14.115,71.021,0.264,24.142,2.200,2.191,1.658,2.159,3.113,1.459,2.950,1.783,2.286,13.151,5.894,19.216,23.524,0.000,0.000,1599.3,2395.7,3803.2,3834.3,800.0,20.2,50.7,30.2,37.2,67.2,100.0,20,0.0,§_,§_,§_,12.221,3.328,4.6,95.1,5340,5700,74.0,1.110,1.110,1.800,1.800,0.990,5.180,§_,§_,§_,61,61,53,99.0,100.0,§_,§_,8741,6493,0.0,1.4,1.4,0.000,0.036,21712,11836,85.0,2400.0,0.0,16.0,0.0,85.8,96.0,92.8,86.0,0.820,19.980,19.957,20.003,106.816,52.703,75.144,24.827,100.455,6.201,30.952,76.240,1980.0,2250.2,1845.0,1958.5,1845.0,94.0,24.0,0.0,9.0,59.2,14.7,73.3,0.0,0.0,0.0,0.0,¬O,§_,¬O,§_,§_,§_,§_,0,0,0,0,0,0,0,0,0,0,0,0,0,0,0,0,0,0,0,5016,7266,6989,417,16.0,16.965,60.093,84.0,0.000,5.9,104,1,1,9.4,103.0,18.3,0.5,103.0,9.71,1872.35,54.69,0.93,8.63,676.74,0.00,24,11,0.0,0.0,0,55.105,
25.1.2026,21:8:25.521,23097,10913,67.9,14502,17461,45.3,4.9,0.927,0.925,0.925,0.925,0.925,0.925,0.930,0.930,0.930,3802.5,3793.2,3818.1,3818.1,3818.1,3793.2,3793.2,3793.2,3793.2,99.8,1525.5,2388.0,1336.3,1051.2,976.5,1278.3,1620.4,2219.7,1959.1,828.1,879.3,2162.8,2053.4,1272.3,1072.2,1637.4,1673.8,1525.5,39.0,48.5,34.9,27.7,25.6,33.4,42.2,58.2,51.1,21.8,23.0,56.7,53.4,33.1,27.7,42.7,43.3,58.2,39.0,36.5,45.5,32.6,25.8,23.8,31.3,39.5,55.0,48.1,20.2,21.4,53.6,50.4,30.9,25.8,40.1,40.7,36.6,38.1,38.0,38.2,38.2,38.2,38.0,38.0,38.0,38.0,0.0,59.1,62.0,39.0,58.0,85.2,30.8,85.7,45.5,66.8,40.8,38.0,60.5,42.0,14.8,69.1,14.3,54.5,33.2,0.1,0.0,0.6,0.0,0.0,0.1,0.0,0.0,0.0,2395.7,24.00,40,39,39,77,116,384,1,95.2,95.0,84.8,84.9,88.6,89.4,90.1,89.3,95.0,86.4,90.9,84.2,83.1,89.7,0.928,1.088,0.650,14.238,5.424,14.208,70.535,0.264,24.222,2.218,2.243,1.694,2.155,3.097,1.458,3.022,1.778,2.295,13.214,5.904,19.289,23.529,0.000,0.000,1599.5,2395.7,3791.9,3822.3,800.0,20.3,50.4,30.3,37.2,67.2,100.0,20,0.0,§_,§_,§_,12.373,3.368,4.7,95.1,5340,5640,74.0,1.110,1.110,1.800,1.800,0.990,5.180,§_,§_,§_,61,61,53,99.0,100.0,§_,§_,8741,6493,0.5,1.0,1.4,0.002,0.026,21712,11836,84.9,2400.0,0.0,16.0,0.0,85.2,96.0,91.9,86.0,0.835,19.987,19.962,20.011,103.333,44.789,76.514,24.373,101.437,6.201,30.493,18.738,2055.0,2250.2,1905.0,2024.6,1905.0,92.0,21.0,0.0,9.0,60.2,14.7,73.5,0.0,0.0,0.0,0.0,¬O,§_,¬O,§_,§_,§_,§_,0,0,0,0,0,0,0,0,0,0,0,0,0,0,0,0,0,0,0,4884,7398,7121,417,16.0,16.963,60.093,84.0,0.000,5.9,102,1,1,9.0,100.4,15.5,0.5,100.8,9.97,1825.43,64.31,1.23,8.86,664.41,0.00,24,11,0.1,0.1,0,55.768,
25.1.2026,21:8:27.515,23113,10897,67.9,14527,17435,45.4,4.9,0.925,0.925,0.925,0.925,0.925,0.925,0.925,0.925,0.925,3786.9,3793.2,3768.2,3768.2,3793.2,3793.2,3793.2,3793.2,3793.2,99.8,1447.3,2210.8,1288.1,936.3,948.4,1166.1,1511.9,2233.5,1871.3,791.6,816.9,1871.1,2200.2,1173.5,1001.1,1465.4,1670.9,1447.3,36.1,42.2,32.9,23.8,24.1,29.8,38.6,57.9,48.2,19.9,20.6,48.2,56.8,29.7,25.0,37.2,42.4,57.9,36.1,34.6,40.4,31.5,22.9,23.2,28.6,36.9,55.4,46.0,19.2,19.8,46.1,54.3,28.5,24.0,35.7,40.5,34.6,37.9,38.0,37.8,37.8,38.0,38.0,38.0,38.0,38.0,0.0,55.9,56.6,35.7,53.6,84.6,28.6,83.8,41.7,62.8,43.9,43.4,63.4,46.4,15.4,71.0,16.2,58.3,37.2,0.2,0.0,0.9,0.0,0.0,0.4,0.0,0.0,0.0,2395.7,24.00,40,39,39,77,116,384,1,95.2,95.0,84.7,84.9,88.4,89.2,90.0,89.1,95.0,86.3,90.7,84.2,83.0,89.7,0.932,1.088,0.650,13.911,5.385,13.948,71.432,0.265,23.919,2.161,2.157,1.615,2.084,3.136,1.426,2.925,1.716,2.230,12.977,5.861,19.010,23.536,0.000,0.000,1598.4,2395.7,3811.4,3842.2,800.0,19.9,51.0,29.9,37.2,67.2,100.0,20,0.0,§_,§_,§_,11.786,3.241,4.5,95.1,5340,5700,74.0,1.110,1.110,1.800,1.800,0.990,5.180,§_,§_,§_,61,61,55,99.0,100.0,§_,§_,8741,6493,0.0,1.0,1.0,0.000,0.079,21712,11836,84.9,2400.0,0.0,16.0,0.0,85.4,94.0,92.2,86.0,0.795,19.993,19.970,20.016,103.627,42.569,73.395,23.484,97.378,6.201,29.631,18.706,1875.0,2250.2,1800.0,1945.6,1800.0,91.0,20.0,0.0,9.0,60.2,14.7,73.6,0.0,0.0,0.0,0.0,¬O,§_,¬O,§_,§_,§_,§_,0,0,0,0,0,0,0,0,0,0,0,0,0,0,0,0,0,0,0,4886,7396,7119,421,16.0,16.967,60.093,84.0,0.000,5.9,94,1,1,11.3,97.7,116.6,70.9,98.0,10.23,14.11,8.58,9.62,0.25,9.53,0.34,24,11,0.1,0.0,0,49.189,
25.1.2026,21:8:29.526,23108,10903,67.9,14523,17439,45.4,4.9,0.907,0.905,0.910,0.910,0.910,0.905,0.905,0.905,0.905,3718.3,3718.3,3718.3,3718.3,3718.3,3718.3,3718.3,3718.3,3718.3,99.8,1438.2,2214.5,1279.2,939.3,908.9,1235.3,1480.3,2214.6,1835.2,762.3,836.1,1907.0,2189.1,1159.5,980.3,1428.3,1642.1,1438.2,36.2,43.0,33.0,24.4,23.6,32.0,38.2,57.3,47.3,19.7,21.7,49.1,56.5,29.8,24.9,36.7,41.9,57.3,36.2,34.4,40.9,31.3,23.0,22.2,30.3,36.2,54.8,45.1,18.6,20.4,47.1,54.1,28.3,23.5,35.0,40.0,34.4,37.2,37.2,37.2,37.2,37.2,37.2,37.2,37.2,37.2,0.0,55.3,56.7,34.6,54.0,83.3,28.5,83.5,40.6,61.4,44.3,43.3,63.3,46.0,16.7,70.2,16.5,59.4,38.6,0.4,0.0,2.2,0.0,0.0,1.3,0.0,0.0,0.0,2395.7,24.00,40,39,39,77,116,384,1,95.2,95.0,84.7,84.8,88.5,89.4,90.0,89.2,95.0,86.4,90.9,84.2,83.0,89.8,0.939,1.088,0.650,13.908,5.380,13.895,72.259,0.263,23.994,2.173,2.174,1.606,2.120,3.103,1.434,3.005,1.717,2.225,13.058,5.855,19.084,23.540,0.000,0.000,1599.7,2395.7,3836.6,3867.3,800.0,19.8,51.6,30.0,37.0,67.3,100.0,20,0.0,§_,§_,§_,11.818,3.257,4.4,95.1,5340,5700,74.0,1.110,1.110,1.800,1.800,1.005,5.180,§_,§_,§_,61,61,53,99.0,100.0,§_,§_,8741,6493,0.0,1.0,1.0,0.000,0.040,21712,11836,84.9,2400.0,0.0,16.0,0.0,85.4,94.0,92.8,86.0,0.825,20.011,19.988,20.034,98.238,44.499,70.484,24.046,95.000,6.201,30.169,34.889,1995.0,2250.2,1875.0,1856.1,1860.0,88.0,21.0,0.0,9.0,59.2,14.7,73.5,0.0,0.0,0.0,0.0,¬O,§_,¬O,§_,§_,§_,§_,0,0,0,0,0,0,0,0,0,0,0,0,0,0,0,0,0,0,0,5013,7269,6992,413,16.0,16.966,60.093,84.0,0.000,5.9,99,1,1,9.6,98.6,18.1,0.5,98.3,10.14,1829.05,55.28,0.98,9.24,515.55,0.00,24,11,0.0,0.0,0,50.707,
25.1.2026,21:8:31.552,23095,10916,67.9,14517,17446,45.4,4.9,0.941,0.950,0.945,0.940,0.940,0.940,0.940,0.935,0.935,3846.2,3868.0,3843.1,3843.1,3843.1,3843.1,3843.1,3843.1,3843.1,99.8,1527.0,2374.7,1381.2,984.3,1015.8,1320.7,1623.3,2088.5,2106.5,850.2,919.6,1721.1,2442.6,1239.0,1060.6,1403.3,1900.2,1527.0,38.3,46.1,35.3,25.2,25.9,33.9,41.6,54.1,54.5,21.7,23.4,44.3,63.3,31.5,26.7,35.7,48.8,63.3,38.3,36.5,43.8,33.7,24.0,24.8,32.3,39.6,51.6,51.9,20.7,22.4,42.3,60.3,29.9,25.4,34.1,46.5,36.4,38.5,38.8,38.5,38.5,38.5,38.5,38.5,38.5,38.5,0.0,58.9,61.3,37.8,58.9,85.5,32.3,85.2,44.0,66.7,40.9,38.7,61.7,41.1,14.5,67.2,14.8,56.0,33.3,0.1,0.0,0.5,0.0,0.0,0.5,0.0,0.0,0.0,2393.2,23.97,40,39,39,77,116,384,1,95.2,95.0,84.8,84.9,88.6,89.5,90.2,89.5,95.0,86.7,90.7,84.4,83.2,89.9,0.930,1.088,0.650,14.175,5.435,14.147,70.922,0.263,24.215,2.233,2.250,1.700,2.230,3.130,1.526,2.865,1.820,2.345,13.191,5.913,19.274,23.545,0.000,0.000,1599.4,2392.3,3800.9,3831.8,800.0,20.2,50.7,30.3,37.1,67.3,100.0,20,0.0,§_,§_,§_,12.573,3.453,4.7,95.1,5340,5640,74.0,1.110,1.110,1.800,1.800,1.005,5.110,§_,§_,§_,61,61,53,99.0,100.0,§_,§_,8741,6493,0.0,1.0,1.0,0.046,0.030,21712,11836,84.8,2400.0,0.0,16.0,0.0,85.7,96.0,92.8,86.0,0.820,19.989,19.965,20.014,102.265,49.817,74.194,23.739,98.527,6.201,29.862,65.018,1875.0,2250.2,1800.0,1961.5,1800.0,88.0,22.0,0.0,8.0,59.2,14.6,73.2,0.0,0.0,0.0,0.0,¬O,§_,¬O,§_,§_,§_,§_,0,0,0,0,0,0,0,0,0,0,0,0,0,0,0,0,0,0,0,5012,7270,6993,425,16.0,16.949,60.093,84.0,0.000,5.9,98,1,1,9.5,95.2,204.5,0.5,94.9,10.50,1848.71,4.89,1.02,9.14,648.25,0.00,24,11,0.0,0.1,0,51.180,
25.1.2026,21:8:33.548,23317,10693,68.5,14549,17413,45.5,4.9,0.949,0.950,0.950,0.950,0.945,0.945,0.950,0.950,0.950,3914.8,3868.0,3868.0,3868.0,3942.9,3942.9,3942.9,3942.9,3942.9,99.8,1503.8,2328.0,1359.1,1009.2,955.0,1324.3,1523.1,1972.6,2147.1,824.8,901.4,1801.7,2381.0,1152.6,1115.7,1405.0,1860.7,1503.8,38.1,45.5,35.2,26.3,24.9,34.5,39.5,51.4,55.8,21.5,23.5,46.7,62.1,29.9,28.7,36.2,48.1,62.1,38.1,36.0,43.0,33.3,24.8,23.4,32.5,37.2,48.7,53.0,20.2,22.0,44.3,59.0,28.1,27.0,34.2,45.5,36.0,39.2,38.8,38.8,38.8,39.5,39.5,39.5,39.5,39.5,0.0,58.2,60.1,37.0,57.3,84.6,31.3,85.6,43.8,66.0,41.7,39.9,62.4,42.7,15.4,68.4,14.4,56.2,34.0,0.1,0.0,0.5,0.0,0.0,0.4,0.0,0.0,0.0,2395.7,24.00,40,39,39,77,116,384,1,95.2,95.0,84.8,84.9,88.6,89.3,90.1,89.3,95.0,86.5,90.9,84.2,83.1,89.8,0.931,1.088,0.650,14.102,5.427,14.141,71.079,0.262,24.146,2.203,2.208,1.672,2.142,3.065,1.480,2.973,1.769,2.315,13.134,5.906,19.210,23.552,0.000,0.000,1601.2,2395.7,3805.2,3836.7,800.0,20.2,50.8,30.2,37.1,67.3,100.0,20,0.0,§_,§_,§_,12.426,3.429,4.7,95.1,5340,5700,74.0,1.110,1.110,1.800,1.800,1.005,5.110,§_,§_,§_,61,61,53,99.0,100.0,§_,§_,8741,6493,0.0,1.0,1.0,0.000,0.024,21712,11836,84.9,2397.5,0.0,16.0,0.0,85.6,94.0,92.4,86.0,0.820,19.992,19.967,20.017,102.588,58.995,74.610,24.679,99.763,6.201,30.803,122.141,1950.0,2250.2,1845.0,1976.4,1845.0,93.0,21.0,0.0,11.0,60.2,14.9,74.3,0.0,0.0,0.0,0.0,¬O,§_,¬O,§_,§_,§_,§_,0,0,0,0,0,0,0,0,0,0,0,0,0,0,0,0,0,0,0,4886,7396,7118,425,16.0,16.967,60.093,84.0,0.000,5.9,102,1,1,10.3,105.2,18.3,0.5,104.7,9.51,1872.22,54.71,1.39,8.72,674.57,0.00,24,11,0.0,0.0,0,54.770,
25.1.2026,21:8:35.555,23272,10738,68.4,14524,17438,45.4,4.9,0.922,0.915,0.920,0.920,0.920,0.920,0.920,0.925,0.935,3790.0,3768.2,3768.2,3768.2,3768.2,3768.2,3768.2,3843.1,3868.0,99.8,1435.1,2201.4,1252.1,970.9,895.2,1368.1,1359.9,2038.5,2063.2,760.1,835.1,1902.1,2129.9,1129.1,1021.6,1344.3,1690.5,1435.1,36.6,43.7,32.7,25.7,23.6,36.0,35.5,53.4,53.8,20.0,21.9,49.6,55.5,29.4,26.6,35.0,43.9,55.5,36.6,34.4,40.9,30.6,23.8,21.9,33.6,33.2,50.3,51.0,18.5,20.4,47.0,52.5,27.5,24.7,32.8,41.3,34.4,38.0,37.8,37.8,37.8,37.8,37.8,37.8,38.5,38.8,0.0,55.8,57.0,35.6,55.0,84.7,28.6,82.6,41.6,61.1,43.8,43.0,62.2,45.0,15.3,70.5,17.4,58.4,38.9,0.4,0.0,2.2,0.0,0.0,0.9,0.0,0.0,0.0,2395.7,24.00,40,39,39,77,116,384,1,95.2,95.0,84.6,84.8,88.4,89.1,90.0,89.2,95.0,86.3,90.6,84.1,82.9,89.6,0.934,1.088,0.650,13.825,5.386,13.813,71.209,0.262,23.852,2.141,2.126,1.589,2.091,3.125,1.403,2.880,1.736,2.181,12.915,5.862,18.948,23.557,0.000,0.000,1597.5,2395.7,3811.9,3842.0,800.0,19.7,50.9,29.8,37.0,67.3,100.0,20,0.0,§_,§_,§_,11.710,3.216,4.5,95.1,5340,5700,74.0,1.110,1.110,1.800,1.800,1.005,5.110,§_,§_,§_,61,61,53,99.0,100.0,§_,§_,8741,6493,0.1,1.0,1.0,0.032,0.229,21712,11836,84.9,2400.0,0.0,16.0,0.0,85.2,94.0,91.8,86.0,0.810,20.004,19.982,20.026,103.696,53.527,71.024,23.299,94.842,6.201,29.426,91.019,1905.0,2250.2,1815.0,1921.4,1815.0,89.0,21.0,0.0,8.0,60.2,14.6,72.8,0.0,0.0,0.0,0.0,¬O,§_,¬O,§_,§_,§_,§_,0,0,0,0,0,0,0,0,0,0,0,0,0,0,0,0,0,0,0,4887,7395,7118,413,16.0,16.965,60.093,84.0,0.000,5.9,98,1,1,9.0,98.7,16.7,0.5,98.2,10.13,1836.95,59.94,1.25,9.08,664.47,0.00,24,11,0.0,0.2,0,58.881,
25.1.2026,21:8:37.550,23100,10910,67.9,14505,17457,45.3,4.9,0.919,0.930,0.925,0.925,0.915,0.915,0.915,0.915,0.915,3743.2,3793.2,3768.2,3768.2,3743.2,3718.3,3718.3,3718.3,3718.3,99.8,1533.3,2364.4,1326.9,1001.8,1058.1,1487.0,1449.2,2204.8,1985.3,838.1,923.8,2083.3,2089.3,1247.3,1133.3,1504.8,1836.2,1533.3,38.3,47.4,33.7,25.4,26.9,38.1,36.8,57.2,50.9,21.1,23.2,54.0,53.8,31.6,28.3,38.4,46.8,57.2,38.3,36.8,45.4,32.4,24.6,25.9,36.6,35.4,54.6,48.8,20.5,22.5,51.6,51.6,30.4,27.3,36.9,44.8,36.8,37.5,38.0,37.8,37.8,37.5,37.2,37.2,37.2,37.2,0.0,59.1,60.7,39.0,58.5,85.4,31.5,84.2,45.7,67.4,40.9,39.3,60.9,41.5,14.6,68.5,15.8,54.3,32.6,0.0,0.0,0.1,0.0,0.0,0.0,0.0,0.0,0.0,2395.7,24.00,40,39,39,77,116,384,1,95.2,95.0,84.9,85.0,88.7,89.6,90.2,89.6,95.0,86.6,90.7,84.4,83.1,89.9,0.932,1.088,0.650,14.238,5.429,14.242,71.366,0.264,24.292,2.220,2.261,1.722,2.183,3.070,1.494,2.906,1.839,2.287,13.269,5.908,19.349,23.563,0.000,0.000,1601.0,2395.7,3807.7,3839.0,800.0,20.3,51.0,30.4,37.1,67.3,100.0,20,0.0,§_,§_,§_,12.625,3.406,4.7,95.1,5340,5700,74.0,1.110,1.110,1.815,1.800,1.005,5.110,§_,§_,§_,61,61,55,99.0,100.0,§_,§_,8741,6493,0.0,1.0,1.0,0.000,0.048,21712,11836,84.8,2400.0,0.0,16.0,0.0,85.7,96.0,92.6,86.0,0.815,19.989,19.968,20.009,104.125,46.883,74.511,25.359,100.327,6.201,31.469,90.316,1950.0,2250.2,1845.0,1970.8,1845.0,94.0,24.0,0.0,9.0,59.2,14.8,73.8,0.0,0.0,0.0,0.0,¬O,§_,¬O,§_,§_,§_,§_,0,0,0,0,0,0,0,0,0,0,0,0,0,0,0,0,0,0,0,5015,7267,6990,413,16.0,16.966,60.093,84.0,0.000,5.9,108,1,1,9.2,107.1,18.4,0.5,107.2,9.34,1848.49,54.24,0.93,8.39,668.80,0.00,24,11,0.0,0.2,0,0.000,
25.1.2026,21:8:39.541,22961,11050,67.5,14495,17467,45.3,4.9,0.924,0.920,0.925,0.925,0.925,0.925,0.925,0.925,0.925,3815.0,3793.2,3818.1,3818.1,3818.1,3818.1,3818.1,3818.1,3818.1,99.8,1477.3,2247.3,1309.9,972.8,946.9,1414.0,1398.3,2106.6,2016.9,889.7,872.7,1993.5,1992.2,1185.0,1067.8,1435.2,1788.2,1477.3,37.3,44.5,33.8,25.3,24.5,36.7,36.0,55.0,52.1,23.1,22.6,51.9,51.3,30.4,27.1,37.0,46.0,55.0,37.3,35.4,42.2,32.0,23.8,23.1,34.8,34.1,52.3,49.6,21.8,21.3,49.4,48.9,28.8,25.6,35.1,43.7,35.4,38.2,38.0,38.2,38.2,38.2,38.2,38.2,38.2,38.2,0.0,56.4,57.5,35.6,55.3,83.9,31.4,81.3,42.1,64.3,43.5,42.5,64.0,44.7,16.1,68.3,18.7,57.9,35.7,0.1,0.0,0.5,0.0,0.0,0.2,0.0,0.0,0.0,2395.7,24.00,40,39,39,77,116,384,1,95.2,95.0,84.8,84.9,88.6,89.4,90.1,89.3,95.0,86.7,90.6,84.4,83.1,89.9,0.933,1.088,0.650,14.003,5.401,14.009,71.613,0.260,24.037,2.181,2.182,1.645,2.130,3.137,1.483,2.817,1.778,2.276,13.073,5.878,19.120,23.569,0.000,0.000,1598.2,2395.7,3814.4,3845.5,800.0,20.0,51.2,30.0,37.1,67.3,100.0,20,0.0,§_,§_,§_,12.017,3.236,4.5,95.1,5340,5700,74.0,1.110,1.110,1.815,1.800,1.005,5.110,§_,§_,§_,61,61,53,99.0,100.0,§_,§_,8741,6493,0.0,0.6,0.6,0.000,0.040,21712,11837,85.0,2400.0,0.0,16.0,0.0,85.1,96.0,91.8,86.0,0.810,20.020,19.999,20.041,99.880,49.349,67.455,24.639,92.509,6.201,30.754,79.902,1935.0,2250.2,1830.0,1930.7,1830.0,95.0,23.0,0.0,10.0,59.2,14.5,72.4,0.0,0.0,0.0,0.0,¬O,§_,¬O,§_,§_,§_,§_,0,0,0,0,0,0,0,0,0,0,0,0,0,0,0,0,0,0,0,5015,7267,6990,413,16.0,16.967,60.093,84.0,0.000,5.9,107,1,1,9.2,107.5,18.7,0.5,107.0,9.30,1842.31,53.61,1.27,8.06,666.76,0.00,24,11,0.0,0.0,0,43.982,
25.1.2026,21:8:41.564,22975,11035,67.5,14503,17459,45.3,4.9,0.910,0.920,0.910,0.910,0.910,0.910,0.910,0.905,0.905,3740.1,3718.3,3743.2,3743.2,3743.2,3743.2,3743.2,3743.2,3743.2,99.8,1542.6,2351.2,1441.0,957.1,1086.4,1421.0,1554.4,2043.9,2142.1,806.2,947.2,2060.8,2152.2,1145.1,1210.9,1511.7,1850.1,1542.6,39.0,45.5,37.3,24.7,28.0,37.0,40.0,53.5,55.6,20.7,24.3,53.9,56.0,29.3,30.9,39.0,47.8,56.0,39.0,36.9,43.0,35.2,23.4,26.5,35.0,37.9,50.6,52.8,19.6,23.0,51.0,53.0,27.7,29.2,36.9,45.3,36.9,37.5,37.2,37.5,37.5,37.5,37.5,37.5,37.5,37.5,0.0,59.3,61.0,38.7,59.4,85.3,31.7,85.7,45.1,67.5,40.6,39.0,60.6,40.6,14.7,68.0,14.3,54.9,32.5,0.1,0.0,0.7,0.0,0.0,0.3,0.0,0.0,0.0,2395.7,24.00,40,39,39,77,116,384,1,95.2,95.0,84.9,84.9,88.7,89.5,90.2,89.5,95.0,86.5,90.9,84.3,83.2,89.8,0.927,1.088,0.650,14.194,5.428,14.188,70.431,0.261,24.173,2.215,2.241,1.683,2.245,3.013,1.475,2.955,1.787,2.319,13.158,5.908,19.235,23.574,0.000,0.000,1610.9,2395.7,3785.9,3817.0,800.0,20.3,50.3,30.2,37.1,67.4,100.0,20,0.0,§_,§_,§_,12.511,3.380,4.7,95.1,5340,5700,74.0,1.110,1.110,1.815,1.800,0.990,5.110,§_,§_,§_,61,61,53,99.0,100.0,§_,§_,8741,6493,0.0,0.5,0.5,0.000,0.010,21712,11837,84.9,2400.0,0.0,16.0,0.0,85.9,94.0,93.3,86.0,0.815,19.998,19.974,20.021,102.265,51.847,74.825,23.529,98.906,6.201,29.659,70.932,1950.0,2250.2,1845.0,1953.6,1845.0,83.0,21.0,0.0,8.0,59.2,14.3,71.6,0.0,0.0,0.0,0.0,¬O,§_,¬O,§_,§_,§_,§_,0,0,0,0,0,0,0,0,0,0,0,0,0,0,0,0,0,0,0,5012,7270,6992,425,16.0,16.962,60.093,84.0,0.000,5.9,98,2,1,12.4,104.2,118.1,83.1,103.9,9.59,12.03,8.47,9.21,0.16,9.02,0.34,24,11,0.0,0.0,0,58.874,
25.1.2026,21:8:43.577,22959,11052,67.5,14491,17471,45.3,4.9,0.919,0.910,0.910,0.920,0.920,0.915,0.925,0.925,0.925,3762.0,3743.2,3743.2,3743.2,3743.2,3743.2,3793.2,3793.2,3793.2,99.8,1536.5,2303.1,1560.0,965.5,1076.0,1206.9,1740.1,1744.1,2448.1,832.0,961.1,1555.0,2582.3,1103.8,1195.0,1272.8,2038.1,1536.5,38.8,41.6,40.6,25.3,28.0,31.4,45.1,45.6,63.8,21.8,25.0,40.3,67.5,28.6,30.8,33.0,52.8,67.5,38.8,36.6,39.2,38.2,23.6,26.3,29.5,42.5,43.0,60.5,20.3,23.4,38.0,64.0,26.8,28.9,31.0,50.0,36.6,37.7,37.5,37.5,37.5,37.5,37.5,38.0,38.0,38.0,0.0,58.2,59.4,37.8,58.2,85.9,31.6,83.4,43.2,65.9,41.8,40.6,62.1,41.8,14.1,68.4,16.6,56.8,34.1,0.0,0.0,0.1,0.0,0.0,0.0,0.0,0.0,0.0,2395.7,24.00,40,39,39,77,116,384,1,95.1,95.0,84.9,84.9,88.6,89.5,90.2,89.5,95.0,86.6,90.7,84.3,83.2,89.8,0.929,1.088,0.650,14.154,5.433,14.143,70.743,0.264,24.165,2.212,2.229,1.691,2.205,3.103,1.501,2.861,1.757,2.347,13.144,5.912,19.228,23.580,0.000,0.000,1604.6,2395.7,3795.5,3826.5,800.0,20.2,50.5,30.2,37.1,67.4,100.0,20,0.0,§_,§_,§_,12.460,3.429,4.7,95.1,5340,5700,74.0,1.110,1.110,1.815,1.800,0.990,5.110,§_,§_,§_,61,61,53,99.0,100.0,§_,§_,8741,6493,0.0,1.1,1.1,0.000,0.136,21712,11837,84.9,2400.0,0.0,16.0,0.0,85.7,96.0,92.7,86.0,0.820,20.013,19.990,20.035,102.962,47.767,71.346,24.267,96.110,6.201,30.374,53.753,1980.0,2250.2,1845.0,1919.0,1845.0,96.0,24.0,0.0,8.0,59.2,14.6,73.0,0.0,0.0,0.0,0.0,¬O,§_,¬O,§_,§_,§_,§_,0,0,0,0,0,0,0,0,0,0,0,0,0,0,0,0,0,0,0,5014,7268,6991,413,16.0,16.965,60.093,84.0,0.000,5.9,112,2,1,9.4,109.7,118.9,77.4,110.0,9.12,12.91,8.41,9.35,0.26,9.29,0.33,24,11,0.0,0.0,0,52.321,
Date,Time,"жҸҗдәӨиҷӣж“¬иЁҳжҶ¶й«” [MB]","еҸҜз”Ёиҷӣж“¬иЁҳжҶ¶й«” [MB]","иҷӣж“¬иЁҳжҶ¶й«”дҪҝз”ЁзҺҮ [%]","е·Із”Ёзү©зҗҶиЁҳжҶ¶й«” [MB]","еҸҜз”Ёзү©зҗҶиЁҳжҶ¶й«” [MB]","зү©зҗҶиЁҳжҶ¶й«”дҪҝз”ЁзҺҮ [%]","еҲҶй ҒжӘ”дҪҝз”ЁзҺҮ [%]","Core VIDs (avg) [V]","Core 0 VID [V]","Core 1 VID [V]","Core 2 VID [V]","Core 3 VID [V]","Core 4 VID [V]","Core 5 VID [V]","Core 6 VID [V]","Core 7 VID [V]","ж ёеҝғй »зҺҮ (avg) [MHz]","Core 0 й »зҺҮ (perf #4) [MHz]","Core 1 й »зҺҮ (perf #6) [MHz]","Core 2 й »зҺҮ (perf #3) [MHz]","Core 3 й »зҺҮ (perf #1) [MHz]","Core 4 й »зҺҮ (perf #7) [MHz]","Core 5 й »зҺҮ (perf #1) [MHz]","Core 6 й »зҺҮ (perf #5) [MHz]","Core 7 й »зҺҮ (perf #2) [MHz]","еҢҜжөҒжҺ’й »зҺҮ [MHz]","ж ёеҝғжңүж•Ҳй »зҺҮ (avg) [MHz]","Core 0 T0 жңүж•Ҳй »зҺҮ [MHz]","Core 0 T1 жңүж•Ҳй »зҺҮ [MHz]","Core 1 T0 жңүж•Ҳй »зҺҮ [MHz]","Core 1 T1 жңүж•Ҳй »зҺҮ [MHz]","Core 2 T0 жңүж•Ҳй »зҺҮ [MHz]","Core 2 T1 жңүж•Ҳй »зҺҮ [MHz]","Core 3 T0 жңүж•Ҳй »зҺҮ [MHz]","Core 3 T1 жңүж•Ҳй »зҺҮ [MHz]","Core 4 T0 жңүж•Ҳй »зҺҮ [MHz]","Core 4 T1 жңүж•Ҳй »зҺҮ [MHz]","Core 5 T0 жңүж•Ҳй »зҺҮ [MHz]","Core 5 T1 жңүж•Ҳй »зҺҮ [MHz]","Core 6 T0 жңүж•Ҳй »зҺҮ [MHz]","Core 6 T1 жңүж•Ҳй »зҺҮ [MHz]","Core 7 T0 жңүж•Ҳй »зҺҮ [MHz]","Core 7 T1 жңүж•Ҳй »зҺҮ [MHz]","е№іеқҮжңүж•Ҳй »зҺҮ [MHz]","ж ёеҝғдҪҝз”ЁзҺҮ (avg) [%]","Core 0 T0 дҪҝз”ЁзҺҮ [%]","Core 0 T1 дҪҝз”ЁзҺҮ [%]","Core 1 T0 дҪҝз”ЁзҺҮ [%]","Core 1 T1 дҪҝз”ЁзҺҮ [%]","Core 2 T0 дҪҝз”ЁзҺҮ [%]","Core 2 T1 дҪҝз”ЁзҺҮ [%]","Core 3 T0 дҪҝз”ЁзҺҮ [%]","Core 3 T1 дҪҝз”ЁзҺҮ [%]","Core 4 T0 дҪҝз”ЁзҺҮ [%]","Core 4 T1 дҪҝз”ЁзҺҮ [%]","Core 5 T0 дҪҝз”ЁзҺҮ [%]","Core 5 T1 дҪҝз”ЁзҺҮ [%]","Core 6 T0 дҪҝз”ЁзҺҮ [%]","Core 6 T1 дҪҝз”ЁзҺҮ [%]","Core 7 T0 дҪҝз”ЁзҺҮ [%]","Core 7 T1 дҪҝз”ЁзҺҮ [%]","жңҖеӨ§CPU/еҹ·иЎҢз·’дҪҝз”ЁзҺҮ [%]","CPU зёҪдҪҝз”ЁзҺҮ [%]","ж ёеҝғдҪҝз”ЁзҺҮ (avg) [%]","Core 0 T0 дҪҝз”ЁзҺҮ [%]","Core 0 T1 дҪҝз”ЁзҺҮ [%]","Core 1 T0 дҪҝз”ЁзҺҮ [%]","Core 1 T1 дҪҝз”ЁзҺҮ [%]","Core 2 T0 дҪҝз”ЁзҺҮ [%]","Core 2 T1 дҪҝз”ЁзҺҮ [%]","Core 3 T0 дҪҝз”ЁзҺҮ [%]","Core 3 T1 дҪҝз”ЁзҺҮ [%]","Core 4 T0 дҪҝз”ЁзҺҮ [%]","Core 4 T1 дҪҝз”ЁзҺҮ [%]","Core 5 T0 дҪҝз”ЁзҺҮ [%]","Core 5 T1 дҪҝз”ЁзҺҮ [%]","Core 6 T0 дҪҝз”ЁзҺҮ [%]","Core 6 T1 дҪҝз”ЁзҺҮ [%]","Core 7 T0 дҪҝз”ЁзҺҮ [%]","Core 7 T1 дҪҝз”ЁзҺҮ [%]","CPU зёҪдҪҝз”ЁзҺҮ [%]","ж ёеҝғеҖҚй » (avg) [x]","Core 0 еҖҚй » [x]","Core 1 еҖҚй » [x]","Core 2 еҖҚй » [x]","Core 3 еҖҚй » [x]","Core 4 еҖҚй » [x]","Core 5 еҖҚй » [x]","Core 6 еҖҚй » [x]","Core 7 еҖҚй » [x]","Package C6 й§җз•ҷзҺҮ [%]","Core C0 й§җз•ҷзҺҮ (avg) [%]","Core 0 C0 й§җз•ҷзҺҮ [%]","Core 1 C0 й§җз•ҷзҺҮ [%]","Core 2 C0 й§җз•ҷзҺҮ [%]","Core 3 C0 й§җз•ҷзҺҮ [%]","Core 4 C0 й§җз•ҷзҺҮ [%]","Core 5 C0 й§җз•ҷзҺҮ [%]","Core 6 C0 й§җз•ҷзҺҮ [%]","Core 7 C0 й§җз•ҷзҺҮ [%]","Core C1 й§җз•ҷзҺҮ (avg) [%]","Core 0 C1 й§җз•ҷзҺҮ [%]","Core 1 C1 й§җз•ҷзҺҮ [%]","Core 2 C1 й§җз•ҷзҺҮ [%]","Core 3 C1 й§җз•ҷзҺҮ [%]","Core 4 C1 й§җз•ҷзҺҮ [%]","Core 5 C1 й§җз•ҷзҺҮ [%]","Core 6 C1 й§җз•ҷзҺҮ [%]","Core 7 C1 й§җз•ҷзҺҮ [%]","Core C6 й§җз•ҷзҺҮ (avg) [%]","Core 0 C6 й§җз•ҷзҺҮ [%]","Core 1 C6 й§җз•ҷзҺҮ [%]","Core 2 C6 й§җз•ҷзҺҮ [%]","Core 3 C6 й§җз•ҷзҺҮ [%]","Core 4 C6 й§җз•ҷзҺҮ [%]","Core 5 C6 й§җз•ҷзҺҮ [%]","Core 6 C6 й§җз•ҷзҺҮ [%]","Core 7 C6 й§җз•ҷзҺҮ [%]","иЁҳжҶ¶й«”й »зҺҮ [MHz]","иЁҳжҶ¶й«”еҖҚй » [x]","Tcas [T]","Trcd [T]","Trp [T]","Tras [T]","Trc [T]","Trfc [T]","Command Rate [T]","CPU (Tctl/Tdie) [в„ғ]","CPU ж ёеҝғ [в„ғ]","CPU SOC [в„ғ]","APU GFX [в„ғ]","ж ёеҝғжә«еәҰ (avg) [в„ғ]","Core0 [в„ғ]","Core1 [в„ғ]","Core2 [в„ғ]","Core3 [в„ғ]","Core4 [в„ғ]","Core5 [в„ғ]","Core6 [в„ғ]","Core7 [в„ғ]","L3 еҝ«еҸ– [в„ғ]","CPU VDDCR_VDD йӣ»еЈ“ (SVI3 TFN) [V]","CPU VDDCR_SOC йӣ»еЈ“ (SVI3 TFN) [V]","CPU VDDCR_SR йӣ»еЈ“ (SVI3 TFN) [V]","CPU ж ёеҝғйӣ»жөҒ (SVI3 TFN) [A]","SoC йӣ»жөҒ (SVI3 TFN) [A]","CPU TDC [A]","CPU EDC [A]","SR йӣ»жөҒ (SVI3 TFN) [A]","CPU е°ҒиЈқеҠҹзҺҮ [W]","ж ёеҝғеҠҹзҺҮ (avg) [W]","Core 0 еҠҹзҺҮ [W]","Core 1 еҠҹзҺҮ [W]","Core 2 еҠҹзҺҮ [W]","Core 3 еҠҹзҺҮ [W]","Core 4 еҠҹзҺҮ [W]","Core 5 еҠҹзҺҮ [W]","Core 6 еҠҹзҺҮ [W]","Core 7 еҠҹзҺҮ [W]","CPU ж ёеҝғеҠҹзҺҮ (SVI3 TFN) [W]","CPU SoC еҠҹзҺҮ (SVI3 TFN) [W]","Core+SoC+SR еҠҹзҺҮ (SVI3 TFN) [W]","APU STAPM [W]","NPU еҠҹзҺҮ [W]","зі»зөұзёҪеҠҹзҺҮ [W]","Infinity Fabric й »зҺҮ (FCLK) [MHz]","иЁҳжҶ¶й«”жҺ§еҲ¶еҷЁй »зҺҮ (UCLK) [MHz]","L3 еҝ«еҸ– [MHz]","й »зҺҮйҷҗеҲ¶ - е…ЁеұҖ [MHz]","NPU й »зҺҮ [MHz]","CPU TDC йҷҗеҲ¶ [%]","CPU EDC йҷҗеҲ¶ [%]","CPU PPT FAST Limit [%]","CPU PPT SLOW Limit [%]","APU STAPM Limit [%]","Thermal Limit [%]","Energy Performance Preference [%]","NPU дҪҝз”ЁзҺҮ [%]","йҒҺзҶұйҷҚй » (HTC) [Yes/No]","йҒҺзҶұйҷҚй » (PROCHOT CPU) [Yes/No]","йҒҺзҶұйҷҚй » (PROCHOT EXT) [Yes/No]","DRAM и®ҖеҸ–й »еҜ¬ [GB/s]","DRAM еҜ«е…Ҙй »еҜ¬ [GB/s]","жҙ»еӢ•ж ёеҝғзҡ„е№іеқҮж•ё []","TZ.TZ01 [в„ғ]","CPU [RPM]","GPU [RPM]","SPD Hub жә«еәҰ [в„ғ]","VDD (SWA) йӣ»еЈ“ [V]","VDDQ (SWB) йӣ»еЈ“ [V]","VPP (SWC) йӣ»еЈ“ [V]","1.8V VOUT йӣ»еЈ“ [V]","1.0V VOUT йӣ»еЈ“ [V]","VIN йӣ»еЈ“ [V]","PMIC й«ҳжә« [Yes/No]","PMIC йҒҺеЈ“ [Yes/No]","PMIC ж¬ еЈ“ [Yes/No]","зЈҒзўҹжә«еәҰ [в„ғ]","зЈҒзўҹжә«еәҰ 2 [в„ғ]","зЈҒзўҹжә«еәҰ 3 [в„ғ]","зЈҒзўҹеү©йӨҳеЈҪе‘Ҫ [%]","зЈҒзўҹеҸҜз”ЁеӮҷз”Ё [%]","зЈҒзўҹж•…йҡң [Yes/No]","зЈҒзўҹиӯҰе‘Ҡ [Yes/No]","дё»ж©ҹеҜ«е…ҘзёҪиЁҲ [GB]","дё»ж©ҹи®ҖеҸ–зёҪиЁҲ [GB]","и®ҖеҸ–жҙ»еӢ•зҺҮ [%]","еҜ«е…Ҙжҙ»еӢ•зҺҮ [%]","зёҪжҙ»еӢ•зҺҮ [%]","и®ҖеҸ–йҖҹзҺҮ [MB/s]","еҜ«е…ҘйҖҹзҺҮ [MB/s]","и®ҖеҸ–зёҪиЁҲ [MB]","еҜ«е…ҘзёҪиЁҲ [MB]","GPU жә«еәҰ [в„ғ]","йЎҜзӨәиЁҳжҶ¶й«”й »зҺҮ [MHz]","GPU дҪҝз”ЁзҺҮ [%]","PCIe йҖЈзөҗйҖҹеәҰ [GT/s]","еҪұж јзҺҮ [FPS]","GPU жә«еәҰ [в„ғ]","йЎҜзӨәиЁҳжҶ¶й«”жҺҘйқўжә«еәҰ [в„ғ]","GPU зҶұй»һжә«еәҰ [в„ғ]","GPU йҒҺзҶұйҷҗеҲ¶ [в„ғ]","GPU ж ёеҝғйӣ»еЈ“ [V]","GPU з·ҡи·Ҝйӣ»еЈ“ (avg) [V]","GPU FBVDD ијёе…Ҙйӣ»еЈ“ [V]","GPU 12VHPWR йӣ»еЈ“ [V]","GPU еҠҹзҺҮ [W]","GPU з·ҡи·ҜеҠҹзҺҮ (avg) [W]","GPU Core (NVVDD) ијёе…ҘеҠҹзҺҮ (зёҪе’Ң) [W]","GPU FBVDD ијёе…ҘеҠҹзҺҮ [W]","GPU 12VHPWR еҠҹзҺҮ [W]","GPU PCIe +3.3V ијёе…ҘеҠҹзҺҮ (дј°иЁҲ) [W]","GPU ијёе…Ҙ PP жәҗ еҠҹзҺҮ (зёҪе’Ң) [W]","GPU Core (NVVDD) ијёеҮәеҠҹзҺҮ [W]","GPU й »зҺҮ [MHz]","йЎҜзӨәиЁҳжҶ¶й«”й »зҺҮ [MHz]","GPU иҰ–иЁҠй »зҺҮ [MHz]","GPU жңүж•Ҳй »зҺҮ [MHz]","GPU Crossbar й »зҺҮ [MHz]","GPU ж ёеҝғдҪҝз”ЁзҺҮ [%]","йЎҜзӨәиЁҳжҶ¶й«”жҺ§еҲ¶еҷЁдҪҝз”ЁзҺҮ [%]","GPU иҰ–иЁҠеј•ж“ҺдҪҝз”ЁзҺҮ [%]","GPU еҢҜжөҒжҺ’дҪҝз”ЁзҺҮ [%]","йЎҜзӨәиЁҳжҶ¶й«”дҪҝз”Ё [%]","GPU D3D дҪҝз”ЁзҺҮ (avg) [%]","GPU D3D дҪҝз”ЁзҺҮ [%]","GPU Video Decode 0 дҪҝз”ЁзҺҮ [%]","GPU Video Encode 0 дҪҝз”ЁзҺҮ [%]","GPU Video Encode 1 дҪҝз”ЁзҺҮ [%]","GPU VR дҪҝз”ЁзҺҮ [%]","GPU ж•ҲиғҪйҷҗеҲ¶ (avg) [Yes/No]","ж•ҲиғҪйҷҗеҲ¶ - еҠҹзҺҮ [Yes/No]","ж•ҲиғҪйҷҗеҲ¶ - йҒҺзҶұ [Yes/No]","ж•ҲиғҪйҷҗеҲ¶ - еҸҜйқ жҖ§йӣ»еЈ“ [Yes/No]","ж•ҲиғҪйҷҗеҲ¶ - жңҖеӨ§дҪңжҘӯйӣ»еЈ“ [Yes/No]","ж•ҲиғҪйҷҗеҲ¶ - дҪҝз”ЁзҺҮ [Yes/No]","ж•ҲиғҪйҷҗеҲ¶ - SLI GPUBoost Sync [Yes/No]","PCI Express Error Counters (avg) []","Receiver Errors []","Replay Count []","Replay Pollover Count []","Bad DLLP Count []","Bad TLP Count []","8B10B Error Count []","Sync Header Error Count []","LCRC Error Count []","Failed L0s Exit Count []","NAKs Sent Count []","NAKs Received Count []","Lane Errors []","Recovery Count []","Total Correctable Error Count []","Correctable Error Count []","Non-Fatal Error Count []","Fatal Error Count []","Unsupported Request Count []","еҸҜз”ЁйЎҜзӨәиЁҳжҶ¶й«” [MB]","еҲҶй…ҚйЎҜзӨәиЁҳжҶ¶й«” [MB]","GPU D3D е°Ҳз”ЁйЎҜзӨәиЁҳжҶ¶й«” [MB]","GPU D3D е…ұз”ЁйЎҜзӨәиЁҳжҶ¶й«” [MB]","PCIe йҖЈзөҗйҖҹеәҰ [GT/s]","йӣ»жұ йӣ»еЈ“ [V]","еү©йӨҳе®№йҮҸ [Wh]","йӣ»жұ йӣ»йҮҸ [%]","е……йӣ»йҖҹзҺҮ [W]","жҗҚиҖ—зЁӢеәҰ [%]","еҪұж јзҺҮ [FPS]","1% дҪҺеҪұж јзҺҮ [FPS]","0.1% дҪҺеҪұж јзҺҮ [FPS]","еҪұж јжҷӮй–“ [ms]","еҪұж јзҺҮ Presented (avg) [FPS]","еҪұж јзҺҮ Presented (99%) [FPS]","еҪұж јзҺҮ Presented (1%) [FPS]","еҪұж јзҺҮ Displayed (avg) [FPS]","Frame Time Presented (avg) [ms]","Frame Time Presented (99%) [ms]","Frame Time Presented (1%) [ms]","GPU Busy (avg) [ms]","GPU Wait (avg) [ms]","CPU Busy (avg) [ms]","CPU Wait (avg) [ms]","дёӢијүзёҪиЁҲ [MB]","дёҠеӮізёҪиЁҲ [MB]","зӣ®еүҚдёӢијүйҖҹзҺҮ [KB/s]","зӣ®еүҚдёҠеӮійҖҹзҺҮ [KB/s]","йҢҜиӘӨзёҪж•ё []","GPU Core (NVVDD) ијёеҮәеҠҹзҺҮ [W]",
,,зі»зөұ: ASUS ROG Zephyrus G14 GA402XZ_GA402XZ,зі»зөұ: ASUS ROG Zephyrus G14 GA402XZ_GA402XZ,зі»зөұ: ASUS ROG Zephyrus G14 GA402XZ_GA402XZ,зі»зөұ: ASUS ROG Zephyrus G14 GA402XZ_GA402XZ,зі»зөұ: ASUS ROG Zephyrus G14 GA402XZ_GA402XZ,зі»зөұ: ASUS ROG Zephyrus G14 GA402XZ_GA402XZ,зі»зөұ: ASUS ROG Zephyrus G14 GA402XZ_GA402XZ,CPU [#0]: AMD Ryzen 9 7940HS,CPU [#0]: AMD Ryzen 9 7940HS,CPU [#0]: AMD Ryzen 9 7940HS,CPU [#0]: AMD Ryzen 9 7940HS,CPU [#0]: AMD Ryzen 9 7940HS,CPU [#0]: AMD Ryzen 9 7940HS,CPU [#0]: AMD Ryzen 9 7940HS,CPU [#0]: AMD Ryzen 9 7940HS,CPU [#0]: AMD Ryzen 9 7940HS,CPU [#0]: AMD Ryzen 9 7940HS,CPU [#0]: AMD Ryzen 9 7940HS,CPU [#0]: AMD Ryzen 9 7940HS,CPU [#0]: AMD Ryzen 9 7940HS,CPU [#0]: AMD Ryzen 9 7940HS,CPU [#0]: AMD Ryzen 9 7940HS,CPU [#0]: AMD Ryzen 9 7940HS,CPU [#0]: AMD Ryzen 9 7940HS,CPU [#0]: AMD Ryzen 9 7940HS,CPU [#0]: AMD Ryzen 9 7940HS,CPU [#0]: AMD Ryzen 9 7940HS,CPU [#0]: AMD Ryzen 9 7940HS,CPU [#0]: AMD Ryzen 9 7940HS,CPU [#0]: AMD Ryzen 9 7940HS,CPU [#0]: AMD Ryzen 9 7940HS,CPU [#0]: AMD Ryzen 9 7940HS,CPU [#0]: AMD Ryzen 9 7940HS,CPU [#0]: AMD Ryzen 9 7940HS,CPU [#0]: AMD Ryzen 9 7940HS,CPU [#0]: AMD Ryzen 9 7940HS,CPU [#0]: AMD Ryzen 9 7940HS,CPU [#0]: AMD Ryzen 9 7940HS,CPU [#0]: AMD Ryzen 9 7940HS,CPU [#0]: AMD Ryzen 9 7940HS,CPU [#0]: AMD Ryzen 9 7940HS,CPU [#0]: AMD Ryzen 9 7940HS,CPU [#0]: AMD Ryzen 9 7940HS,CPU [#0]: AMD Ryzen 9 7940HS,CPU [#0]: AMD Ryzen 9 7940HS,CPU [#0]: AMD Ryzen 9 7940HS,CPU [#0]: AMD Ryzen 9 7940HS,CPU [#0]: AMD Ryzen 9 7940HS,CPU [#0]: AMD Ryzen 9 7940HS,CPU [#0]: AMD Ryzen 9 7940HS,CPU [#0]: AMD Ryzen 9 7940HS,CPU [#0]: AMD Ryzen 9 7940HS,CPU [#0]: AMD Ryzen 9 7940HS,CPU [#0]: AMD Ryzen 9 7940HS,CPU [#0]: AMD Ryzen 9 7940HS,CPU [#0]: AMD Ryzen 9 7940HS,CPU [#0]: AMD Ryzen 9 7940HS,CPU [#0]: AMD Ryzen 9 7940HS,CPU [#0]: AMD Ryzen 9 7940HS,CPU [#0]: AMD Ryzen 9 7940HS,CPU [#0]: AMD Ryzen 9 7940HS,CPU [#0]: AMD Ryzen 9 7940HS,CPU [#0]: AMD Ryzen 9 7940HS,CPU [#0]: AMD Ryzen 9 7940HS,CPU [#0]: AMD Ryzen 9 7940HS,CPU [#0]: AMD Ryzen 9 7940HS,CPU [#0]: AMD Ryzen 9 7940HS,CPU [#0]: AMD Ryzen 9 7940HS,CPU [#0]: AMD Ryzen 9 7940HS,CPU [#0]: AMD Ryzen 9 7940HS,CPU [#0]: AMD Ryzen 9 7940HS,CPU [#0]: AMD Ryzen 9 7940HS,CPU [#0]: AMD Ryzen 9 7940HS,CPU [#0]: AMD Ryzen 9 7940HS,CPU [#0]: AMD Ryzen 9 7940HS,CPU [#0]: AMD Ryzen 9 7940HS,CPU [#0]: AMD Ryzen 9 7940HS,CPU [#0]: AMD Ryzen 9 7940HS,CPU [#0]: AMD Ryzen 9 7940HS,CPU [#0]: AMD Ryzen 9 7940HS,CPU [#0]: AMD Ryzen 9 7940HS,CPU [#0]: AMD Ryzen 9 7940HS,CPU [#0]: AMD Ryzen 9 7940HS,CPU [#0]: AMD Ryzen 9 7940HS,CPU [#0]: AMD Ryzen 9 7940HS,CPU [#0]: AMD Ryzen 9 7940HS,CPU [#0]: AMD Ryzen 9 7940HS,CPU [#0]: AMD Ryzen 9 7940HS,CPU [#0]: AMD Ryzen 9 7940HS,CPU [#0]: AMD Ryzen 9 7940HS,CPU [#0]: AMD Ryzen 9 7940HS: C-State й§җз•ҷзҺҮ,CPU [#0]: AMD Ryzen 9 7940HS: C-State й§җз•ҷзҺҮ,CPU [#0]: AMD Ryzen 9 7940HS: C-State й§җз•ҷзҺҮ,CPU [#0]: AMD Ryzen 9 7940HS: C-State й§җз•ҷзҺҮ,CPU [#0]: AMD Ryzen 9 7940HS: C-State й§җз•ҷзҺҮ,CPU [#0]: AMD Ryzen 9 7940HS: C-State й§җз•ҷзҺҮ,CPU [#0]: AMD Ryzen 9 7940HS: C-State й§җз•ҷзҺҮ,CPU [#0]: AMD Ryzen 9 7940HS: C-State й§җз•ҷзҺҮ,CPU [#0]: AMD Ryzen 9 7940HS: C-State й§җз•ҷзҺҮ,CPU [#0]: AMD Ryzen 9 7940HS: C-State й§җз•ҷзҺҮ,CPU [#0]: AMD Ryzen 9 7940HS: C-State й§җз•ҷзҺҮ,CPU [#0]: AMD Ryzen 9 7940HS: C-State й§җз•ҷзҺҮ,CPU [#0]: AMD Ryzen 9 7940HS: C-State й§җз•ҷзҺҮ,CPU [#0]: AMD Ryzen 9 7940HS: C-State й§җз•ҷзҺҮ,CPU [#0]: AMD Ryzen 9 7940HS: C-State й§җз•ҷзҺҮ,CPU [#0]: AMD Ryzen 9 7940HS: C-State й§җз•ҷзҺҮ,CPU [#0]: AMD Ryzen 9 7940HS: C-State й§җз•ҷзҺҮ,CPU [#0]: AMD Ryzen 9 7940HS: C-State й§җз•ҷзҺҮ,CPU [#0]: AMD Ryzen 9 7940HS: C-State й§җз•ҷзҺҮ,CPU [#0]: AMD Ryzen 9 7940HS: C-State й§җз•ҷзҺҮ,CPU [#0]: AMD Ryzen 9 7940HS: C-State й§җз•ҷзҺҮ,CPU [#0]: AMD Ryzen 9 7940HS: C-State й§җз•ҷзҺҮ,CPU [#0]: AMD Ryzen 9 7940HS: C-State й§җз•ҷзҺҮ,CPU [#0]: AMD Ryzen 9 7940HS: C-State й§җз•ҷзҺҮ,CPU [#0]: AMD Ryzen 9 7940HS: C-State й§җз•ҷзҺҮ,CPU [#0]: AMD Ryzen 9 7940HS: C-State й§җз•ҷзҺҮ,CPU [#0]: AMD Ryzen 9 7940HS: C-State й§җз•ҷзҺҮ,CPU [#0]: AMD Ryzen 9 7940HS: C-State й§җз•ҷзҺҮ,иЁҳжҶ¶й«”жҷӮеәҸ,иЁҳжҶ¶й«”жҷӮеәҸ,иЁҳжҶ¶й«”жҷӮеәҸ,иЁҳжҶ¶й«”жҷӮеәҸ,иЁҳжҶ¶й«”жҷӮеәҸ,иЁҳжҶ¶й«”жҷӮеәҸ,иЁҳжҶ¶й«”жҷӮеәҸ,иЁҳжҶ¶й«”жҷӮеәҸ,иЁҳжҶ¶й«”жҷӮеәҸ,CPU [#0]: AMD Ryzen 9 7940HS: Enhanced,CPU [#0]: AMD Ryzen 9 7940HS: Enhanced,CPU [#0]: AMD Ryzen 9 7940HS: Enhanced,CPU [#0]: AMD Ryzen 9 7940HS: Enhanced,CPU [#0]: AMD Ryzen 9 7940HS: Enhanced,CPU [#0]: AMD Ryzen 9 7940HS: Enhanced,CPU [#0]: AMD Ryzen 9 7940HS: Enhanced,CPU [#0]: AMD Ryzen 9 7940HS: Enhanced,CPU [#0]: AMD Ryzen 9 7940HS: Enhanced,CPU [#0]: AMD Ryzen 9 7940HS: Enhanced,CPU [#0]: AMD Ryzen 9 7940HS: Enhanced,CPU [#0]: AMD Ryzen 9 7940HS: Enhanced,CPU [#0]: AMD Ryzen 9 7940HS: Enhanced,CPU [#0]: AMD Ryzen 9 7940HS: Enhanced,CPU [#0]: AMD Ryzen 9 7940HS: Enhanced,CPU [#0]: AMD Ryzen 9 7940HS: Enhanced,CPU [#0]: AMD Ryzen 9 7940HS: Enhanced,CPU [#0]: AMD Ryzen 9 7940HS: Enhanced,CPU [#0]: AMD Ryzen 9 7940HS: Enhanced,CPU [#0]: AMD Ryzen 9 7940HS: Enhanced,CPU [#0]: AMD Ryzen 9 7940HS: Enhanced,CPU [#0]: AMD Ryzen 9 7940HS: Enhanced,CPU [#0]: AMD Ryzen 9 7940HS: Enhanced,CPU [#0]: AMD Ryzen 9 7940HS: Enhanced,CPU [#0]: AMD Ryzen 9 7940HS: Enhanced,CPU [#0]: AMD Ryzen 9 7940HS: Enhanced,CPU [#0]: AMD Ryzen 9 7940HS: Enhanced,CPU [#0]: AMD Ryzen 9 7940HS: Enhanced,CPU [#0]: AMD Ryzen 9 7940HS: Enhanced,CPU [#0]: AMD Ryzen 9 7940HS: Enhanced,CPU [#0]: AMD Ryzen 9 7940HS: Enhanced,CPU [#0]: AMD Ryzen 9 7940HS: Enhanced,CPU [#0]: AMD Ryzen 9 7940HS: Enhanced,CPU [#0]: AMD Ryzen 9 7940HS: Enhanced,CPU [#0]: AMD Ryzen 9 7940HS: Enhanced,CPU [#0]: AMD Ryzen 9 7940HS: Enhanced,CPU [#0]: AMD Ryzen 9 7940HS: Enhanced,CPU [#0]: AMD Ryzen 9 7940HS: Enhanced,CPU [#0]: AMD Ryzen 9 7940HS: Enhanced,CPU [#0]: AMD Ryzen 9 7940HS: Enhanced,CPU [#0]: AMD Ryzen 9 7940HS: Enhanced,CPU [#0]: AMD Ryzen 9 7940HS: Enhanced,CPU [#0]: AMD Ryzen 9 7940HS: Enhanced,CPU [#0]: AMD Ryzen 9 7940HS: Enhanced,CPU [#0]: AMD Ryzen 9 7940HS: Enhanced,CPU [#0]: AMD Ryzen 9 7940HS: Enhanced,CPU [#0]: AMD Ryzen 9 7940HS: Enhanced,CPU [#0]: AMD Ryzen 9 7940HS: Enhanced,CPU [#0]: AMD Ryzen 9 7940HS: Enhanced,CPU [#0]: AMD Ryzen 9 7940HS: Enhanced,CPU [#0]: AMD Ryzen 9 7940HS: Enhanced,CPU [#0]: AMD Ryzen 9 7940HS: Enhanced,CPU [#0]: AMD Ryzen 9 7940HS: Enhanced,CPU [#0]: AMD Ryzen 9 7940HS: Enhanced,CPU [#0]: AMD Ryzen 9 7940HS: Enhanced,CPU [#0]: AMD Ryzen 9 7940HS: Enhanced,CPU [#0]: AMD Ryzen 9 7940HS: Enhanced,ACPI: ASUS ROG Zephyrus G14 GA402XZ_GA402XZ,ASUS NB EC: ASUS ROG Zephyrus G14 GA402XZ_GA402XZ,ASUS NB EC: ASUS ROG Zephyrus G14 GA402XZ_GA402XZ,DDR5 DIMM [#1]: Crucial Technology CT16G56C46S5.M8G1 (P0 CHANNEL B/DIMM 0),DDR5 DIMM [#1]: Crucial Technology CT16G56C46S5.M8G1 (P0 CHANNEL B/DIMM 0),DDR5 DIMM [#1]: Crucial Technology CT16G56C46S5.M8G1 (P0 CHANNEL B/DIMM 0),DDR5 DIMM [#1]: Crucial Technology CT16G56C46S5.M8G1 (P0 CHANNEL B/DIMM 0),DDR5 DIMM [#1]: Crucial Technology CT16G56C46S5.M8G1 (P0 CHANNEL B/DIMM 0),DDR5 DIMM [#1]: Crucial Technology CT16G56C46S5.M8G1 (P0 CHANNEL B/DIMM 0),DDR5 DIMM [#1]: Crucial Technology CT16G56C46S5.M8G1 (P0 CHANNEL B/DIMM 0),DDR5 DIMM [#1]: Crucial Technology CT16G56C46S5.M8G1 (P0 CHANNEL B/DIMM 0),DDR5 DIMM [#1]: Crucial Technology CT16G56C46S5.M8G1 (P0 CHANNEL B/DIMM 0),DDR5 DIMM [#1]: Crucial Technology CT16G56C46S5.M8G1 (P0 CHANNEL B/DIMM 0),S.M.A.R.T.: SAMSUNG MZVL21T0HCLR-00BTW (S6W6NA0W706391) [C:],S.M.A.R.T.: SAMSUNG MZVL21T0HCLR-00BTW (S6W6NA0W706391) [C:],S.M.A.R.T.: SAMSUNG MZVL21T0HCLR-00BTW (S6W6NA0W706391) [C:],S.M.A.R.T.: SAMSUNG MZVL21T0HCLR-00BTW (S6W6NA0W706391) [C:],S.M.A.R.T.: SAMSUNG MZVL21T0HCLR-00BTW (S6W6NA0W706391) [C:],S.M.A.R.T.: SAMSUNG MZVL21T0HCLR-00BTW (S6W6NA0W706391) [C:],S.M.A.R.T.: SAMSUNG MZVL21T0HCLR-00BTW (S6W6NA0W706391) [C:],S.M.A.R.T.: SAMSUNG MZVL21T0HCLR-00BTW (S6W6NA0W706391) [C:],S.M.A.R.T.: SAMSUNG MZVL21T0HCLR-00BTW (S6W6NA0W706391) [C:],Drive: SAMSUNG MZVL21T0HCLR-00BTW (S6W6NA0W706391) [C:],Drive: SAMSUNG MZVL21T0HCLR-00BTW (S6W6NA0W706391) [C:],Drive: SAMSUNG MZVL21T0HCLR-00BTW (S6W6NA0W706391) [C:],Drive: SAMSUNG MZVL21T0HCLR-00BTW (S6W6NA0W706391) [C:],Drive: SAMSUNG MZVL21T0HCLR-00BTW (S6W6NA0W706391) [C:],Drive: SAMSUNG MZVL21T0HCLR-00BTW (S6W6NA0W706391) [C:],Drive: SAMSUNG MZVL21T0HCLR-00BTW (S6W6NA0W706391) [C:],GPU [#1]: AMD Radeon 780M,GPU [#1]: AMD Radeon 780M,GPU [#1]: AMD Radeon 780M,GPU [#1]: AMD Radeon 780M,GPU [#1]: AMD Radeon 780M,GPU [#0]: NVIDIA GeForce RTX 4080 Laptop,GPU [#0]: NVIDIA GeForce RTX 4080 Laptop,GPU [#0]: NVIDIA GeForce RTX 4080 Laptop,GPU [#0]: NVIDIA GeForce RTX 4080 Laptop,GPU [#0]: NVIDIA GeForce RTX 4080 Laptop,GPU [#0]: NVIDIA GeForce RTX 4080 Laptop,GPU [#0]: NVIDIA GeForce RTX 4080 Laptop,GPU [#0]: NVIDIA GeForce RTX 4080 Laptop,GPU [#0]: NVIDIA GeForce RTX 4080 Laptop,GPU [#0]: NVIDIA GeForce RTX 4080 Laptop,GPU [#0]: NVIDIA GeForce RTX 4080 Laptop,GPU [#0]: NVIDIA GeForce RTX 4080 Laptop,GPU [#0]: NVIDIA GeForce RTX 4080 Laptop,GPU [#0]: NVIDIA GeForce RTX 4080 Laptop,GPU [#0]: NVIDIA GeForce RTX 4080 Laptop,GPU [#0]: NVIDIA GeForce RTX 4080 Laptop,GPU [#0]: NVIDIA GeForce RTX 4080 Laptop,GPU [#0]: NVIDIA GeForce RTX 4080 Laptop,GPU [#0]: NVIDIA GeForce RTX 4080 Laptop,GPU [#0]: NVIDIA GeForce RTX 4080 Laptop,GPU [#0]: NVIDIA GeForce RTX 4080 Laptop,GPU [#0]: NVIDIA GeForce RTX 4080 Laptop,GPU [#0]: NVIDIA GeForce RTX 4080 Laptop,GPU [#0]: NVIDIA GeForce RTX 4080 Laptop,GPU [#0]: NVIDIA GeForce RTX 4080 Laptop,GPU [#0]: NVIDIA GeForce RTX 4080 Laptop,GPU [#0]: NVIDIA GeForce RTX 4080 Laptop,GPU [#0]: NVIDIA GeForce RTX 4080 Laptop,GPU [#0]: NVIDIA GeForce RTX 4080 Laptop,GPU [#0]: NVIDIA GeForce RTX 4080 Laptop,GPU [#0]: NVIDIA GeForce RTX 4080 Laptop,GPU [#0]: NVIDIA GeForce RTX 4080 Laptop,GPU [#0]: NVIDIA GeForce RTX 4080 Laptop,GPU [#0]: NVIDIA GeForce RTX 4080 Laptop,GPU [#0]: NVIDIA GeForce RTX 4080 Laptop,GPU [#0]: NVIDIA GeForce RTX 4080 Laptop,GPU [#0]: NVIDIA GeForce RTX 4080 Laptop,GPU [#0]: NVIDIA GeForce RTX 4080 Laptop,GPU [#0]: NVIDIA GeForce RTX 4080 Laptop,GPU [#0]: NVIDIA GeForce RTX 4080 Laptop,GPU [#0]: NVIDIA GeForce RTX 4080 Laptop,GPU [#0]: NVIDIA GeForce RTX 4080 Laptop,GPU [#0]: NVIDIA GeForce RTX 4080 Laptop,GPU [#0]: NVIDIA GeForce RTX 4080 Laptop,GPU [#0]: NVIDIA GeForce RTX 4080 Laptop,GPU [#0]: NVIDIA GeForce RTX 4080 Laptop,GPU [#0]: NVIDIA GeForce RTX 4080 Laptop,GPU [#0]: NVIDIA GeForce RTX 4080 Laptop,GPU [#0]: NVIDIA GeForce RTX 4080 Laptop,GPU [#0]: NVIDIA GeForce RTX 4080 Laptop,GPU [#0]: NVIDIA GeForce RTX 4080 Laptop,GPU [#0]: NVIDIA GeForce RTX 4080 Laptop,GPU [#0]: NVIDIA GeForce RTX 4080 Laptop,GPU [#0]: NVIDIA GeForce RTX 4080 Laptop,GPU [#0]: NVIDIA GeForce RTX 4080 Laptop,GPU [#0]: NVIDIA GeForce RTX 4080 Laptop,GPU [#0]: NVIDIA GeForce RTX 4080 Laptop,GPU [#0]: NVIDIA GeForce RTX 4080 Laptop,GPU [#0]: NVIDIA GeForce RTX 4080 Laptop,GPU [#0]: NVIDIA GeForce RTX 4080 Laptop,GPU [#0]: NVIDIA GeForce RTX 4080 Laptop,GPU [#0]: NVIDIA GeForce RTX 4080 Laptop,GPU [#0]: NVIDIA GeForce RTX 4080 Laptop,Battery: AS3FYCe3KC GA40249,Battery: AS3FYCe3KC GA40249,Battery: AS3FYCe3KC GA40249,Battery: AS3FYCe3KC GA40249,Battery: AS3FYCe3KC GA40249,RTSS,RTSS,RTSS,RTSS,PresentMon [SandFall-Win64-Shipping.exe],PresentMon [SandFall-Win64-Shipping.exe],PresentMon [SandFall-Win64-Shipping.exe],PresentMon [SandFall-Win64-Shipping.exe],PresentMon [SandFall-Win64-Shipping.exe],PresentMon [SandFall-Win64-Shipping.exe],PresentMon [SandFall-Win64-Shipping.exe],PresentMon [SandFall-Win64-Shipping.exe],PresentMon [SandFall-Win64-Shipping.exe],PresentMon [SandFall-Win64-Shipping.exe],PresentMon [SandFall-Win64-Shipping.exe],з¶Іи·Ҝ: MediaTek Wi-Fi 6E MT7922 (RZ616) 160MHz Wireless LAN Card - Wi-Fi,з¶Іи·Ҝ: MediaTek Wi-Fi 6E MT7922 (RZ616) 160MHz Wireless LAN Card - Wi-Fi,з¶Іи·Ҝ: MediaTek Wi-Fi 6E MT7922 (RZ616) 160MHz Wireless LAN Card - Wi-Fi,з¶Іи·Ҝ: MediaTek Wi-Fi 6E MT7922 (RZ616) 160MHz Wireless LAN Card - Wi-Fi,Windows Hardware Errors (WHEA),GPU [#0]: NVIDIA GeForce RTX 4080 Laptop,
