Date,Time,提交虛擬記憶體 [MB],可用虛擬記憶體 [MB],虛擬記憶體使用率 [%],已用物理記憶體 [MB],可用物理記憶體 [MB],物理記憶體使用率 [%],分頁檔使用率 [%],Core VIDs (avg) [V],Core 0 VID [V],Core 1 VID [V],Core 2 VID [V],Core 3 VID [V],Core 4 VID [V],Core 5 VID [V],Core 6 VID [V],Core 7 VID [V],核心頻率 (avg) [MHz],Core 0 頻率 (perf #4) [MHz],Core 1 頻率 (perf #6) [MHz],Core 2 頻率 (perf #3) [MHz],Core 3 頻率 (perf #1) [MHz],Core 4 頻率 (perf #7) [MHz],Core 5 頻率 (perf #1) [MHz],Core 6 頻率 (perf #5) [MHz],Core 7 頻率 (perf #2) [MHz],匯流排頻率 [MHz],核心有效頻率 (avg) [MHz],Core 0 T0 有效頻率 [MHz],Core 0 T1 有效頻率 [MHz],Core 1 T0 有效頻率 [MHz],Core 1 T1 有效頻率 [MHz],Core 2 T0 有效頻率 [MHz],Core 2 T1 有效頻率 [MHz],Core 3 T0 有效頻率 [MHz],Core 3 T1 有效頻率 [MHz],Core 4 T0 有效頻率 [MHz],Core 4 T1 有效頻率 [MHz],Core 5 T0 有效頻率 [MHz],Core 5 T1 有效頻率 [MHz],Core 6 T0 有效頻率 [MHz],Core 6 T1 有效頻率 [MHz],Core 7 T0 有效頻率 [MHz],Core 7 T1 有效頻率 [MHz],平均有效頻率 [MHz],核心使用率 (avg) [%],Core 0 T0 使用率 [%],Core 0 T1 使用率 [%],Core 1 T0 使用率 [%],Core 1 T1 使用率 [%],Core 2 T0 使用率 [%],Core 2 T1 使用率 [%],Core 3 T0 使用率 [%],Core 3 T1 使用率 [%],Core 4 T0 使用率 [%],Core 4 T1 使用率 [%],Core 5 T0 使用率 [%],Core 5 T1 使用率 [%],Core 6 T0 使用率 [%],Core 6 T1 使用率 [%],Core 7 T0 使用率 [%],Core 7 T1 使用率 [%],最大CPU/執行緒使用率 [%],CPU 總使用率 [%],核心使用率 (avg) [%],Core 0 T0 使用率 [%],Core 0 T1 使用率 [%],Core 1 T0 使用率 [%],Core 1 T1 使用率 [%],Core 2 T0 使用率 [%],Core 2 T1 使用率 [%],Core 3 T0 使用率 [%],Core 3 T1 使用率 [%],Core 4 T0 使用率 [%],Core 4 T1 使用率 [%],Core 5 T0 使用率 [%],Core 5 T1 使用率 [%],Core 6 T0 使用率 [%],Core 6 T1 使用率 [%],Core 7 T0 使用率 [%],Core 7 T1 使用率 [%],CPU 總使用率 [%],核心倍頻 (avg) [x],Core 0 倍頻 [x],Core 1 倍頻 [x],Core 2 倍頻 [x],Core 3 倍頻 [x],Core 4 倍頻 [x],Core 5 倍頻 [x],Core 6 倍頻 [x],Core 7 倍頻 [x],Package C6 駐留率 [%],Core C0 駐留率 (avg) [%],Core 0 C0 駐留率 [%],Core 1 C0 駐留率 [%],Core 2 C0 駐留率 [%],Core 3 C0 駐留率 [%],Core 4 C0 駐留率 [%],Core 5 C0 駐留率 [%],Core 6 C0 駐留率 [%],Core 7 C0 駐留率 [%],Core C1 駐留率 (avg) [%],Core 0 C1 駐留率 [%],Core 1 C1 駐留率 [%],Core 2 C1 駐留率 [%],Core 3 C1 駐留率 [%],Core 4 C1 駐留率 [%],Core 5 C1 駐留率 [%],Core 6 C1 駐留率 [%],Core 7 C1 駐留率 [%],Core C6 駐留率 (avg) [%],Core 0 C6 駐留率 [%],Core 1 C6 駐留率 [%],Core 2 C6 駐留率 [%],Core 3 C6 駐留率 [%],Core 4 C6 駐留率 [%],Core 5 C6 駐留率 [%],Core 6 C6 駐留率 [%],Core 7 C6 駐留率 [%],記憶體頻率 [MHz],記憶體倍頻 [x],Tcas [T],Trcd [T],Trp [T],Tras [T],Trc [T],Trfc [T],Command Rate [T],CPU (Tctl/Tdie) [℃],CPU 核心 [℃],CPU SOC [℃],APU GFX [℃],核心溫度 (avg) [℃],Core0 [℃],Core1 [℃],Core2 [℃],Core3 [℃],Core4 [℃],Core5 [℃],Core6 [℃],Core7 [℃],L3 快取 [℃],CPU VDDCR_VDD 電壓 (SVI3 TFN) [V],CPU VDDCR_SOC 電壓 (SVI3 TFN) [V],CPU VDDCR_SR 電壓 (SVI3 TFN) [V],CPU 核心電流 (SVI3 TFN) [A],SoC 電流 (SVI3 TFN) [A],CPU TDC [A],CPU EDC [A],SR 電流 (SVI3 TFN) [A],CPU 封裝功率 [W],核心功率 (avg) [W],Core 0 功率 [W],Core 1 功率 [W],Core 2 功率 [W],Core 3 功率 [W],Core 4 功率 [W],Core 5 功率 [W],Core 6 功率 [W],Core 7 功率 [W],CPU 核心功率 (SVI3 TFN) [W],CPU SoC 功率 (SVI3 TFN) [W],Core+SoC+SR 功率 (SVI3 TFN) [W],APU STAPM [W],NPU 功率 [W],系統總功率 [W],Infinity Fabric 頻率 (FCLK) [MHz],記憶體控制器頻率 (UCLK) [MHz],L3 快取 [MHz],頻率限制 - 全局 [MHz],NPU 頻率 [MHz],CPU TDC 限制 [%],CPU EDC 限制 [%],CPU PPT FAST Limit [%],CPU PPT SLOW Limit [%],APU STAPM Limit [%],Thermal Limit [%],Energy Performance Preference [%],NPU 使用率 [%],過熱降頻 (HTC) [Yes/No],過熱降頻 (PROCHOT CPU) [Yes/No],過熱降頻 (PROCHOT EXT) [Yes/No],DRAM 讀取頻寬 [GB/s],DRAM 寫入頻寬 [GB/s],活動核心的平均數 [],TZ.TZ01 [℃],CPU [RPM],GPU [RPM],SPD Hub 溫度 [℃],VDD (SWA) 電壓 [V],VDDQ (SWB) 電壓 [V],VPP (SWC) 電壓 [V],1.8V VOUT 電壓 [V],1.0V VOUT 電壓 [V],VIN 電壓 [V],PMIC 高溫 [Yes/No],PMIC 過壓 [Yes/No],PMIC 欠壓 [Yes/No],磁碟溫度 [℃],磁碟溫度 2 [℃],磁碟溫度 3 [℃],磁碟剩餘壽命 [%],磁碟可用備用 [%],磁碟故障 [Yes/No],磁碟警告 [Yes/No],主機寫入總計 [GB],主機讀取總計 [GB],讀取活動率 [%],寫入活動率 [%],總活動率 [%],讀取速率 [MB/s],寫入速率 [MB/s],讀取總計 [MB],寫入總計 [MB],GPU 溫度 [℃],顯示記憶體頻率 [MHz],GPU 使用率 [%],PCIe 連結速度 [GT/s],影格率 [FPS],GPU 溫度 [℃],顯示記憶體接面溫度 [℃],GPU 熱點溫度 [℃],GPU 過熱限制 [℃],GPU 核心電壓 [V],GPU 線路電壓 (avg) [V],GPU FBVDD 輸入電壓 [V],GPU 12VHPWR 電壓 [V],GPU 功率 [W],GPU 線路功率 (avg) [W],GPU Core (NVVDD) 輸入功率 (總和) [W],GPU FBVDD 輸入功率 [W],GPU 12VHPWR 功率 [W],GPU PCIe +3.3V 輸入功率 (估計) [W],GPU 輸入 PP 源 功率 (總和) [W],GPU Core (NVVDD) 輸出功率 [W],GPU Core (NVVDD) 輸出功率 [W],GPU 頻率 [MHz],顯示記憶體頻率 [MHz],GPU 視訊頻率 [MHz],GPU 有效頻率 [MHz],GPU Crossbar 頻率 [MHz],GPU 核心使用率 [%],顯示記憶體控制器使用率 [%],GPU 視訊引擎使用率 [%],GPU 匯流排使用率 [%],顯示記憶體使用 [%],GPU D3D 使用率 (avg) [%],GPU D3D 使用率 [%],GPU Video Decode 0 使用率 [%],GPU Video Encode 0 使用率 [%],GPU Video Encode 1 使用率 [%],GPU Video Encode 2 使用率 [%],GPU Video Encode 3 使用率 [%],GPU VR 使用率 [%],GPU 效能限制 (avg) [Yes/No],效能限制 - 功率 [Yes/No],效能限制 - 過熱 [Yes/No],效能限制 - 可靠性電壓 [Yes/No],效能限制 - 最大作業電壓 [Yes/No],效能限制 - 使用率 [Yes/No],效能限制 - SLI GPUBoost Sync [Yes/No],PCI Express Error Counters (avg) [],Receiver Errors [],Replay Count [],Replay Pollover Count [],Bad DLLP Count [],Bad TLP Count [],8B10B Error Count [],Sync Header Error Count [],LCRC Error Count [],Failed L0s Exit Count [],NAKs Sent Count [],NAKs Received Count [],Lane Errors [],Recovery Count [],Total Correctable Error Count [],Correctable Error Count [],Non-Fatal Error Count [],Fatal Error Count [],Unsupported Request Count [],可用顯示記憶體 [MB],分配顯示記憶體 [MB],GPU D3D 專用顯示記憶體 [MB],GPU D3D 共用顯示記憶體 [MB],PCIe 連結速度 [GT/s],電池電壓 [V],剩餘容量 [Wh],電池電量 [%],充電速率 [W],損耗程度 [%],影格率 [FPS],1% 低影格率 [FPS],0.1% 低影格率 [FPS],影格時間 [ms],影格率 Presented (avg) [FPS],影格率 Presented (99%) [FPS],影格率 Presented (1%) [FPS],影格率 Displayed (avg) [FPS],Frame Time Presented (avg) [ms],Frame Time Presented (99%) [ms],Frame Time Presented (1%) [ms],GPU Busy (avg) [ms],GPU Wait (avg) [ms],CPU Busy (avg) [ms],CPU Wait (avg) [ms],下載總計 [MB],上傳總計 [MB],目前下載速率 [KB/s],目前上傳速率 [KB/s],錯誤總數 []
17.8.2025,25:43.5,16717,17293,49.1,9396,22566,29.3,0,1.366,1.385,1.385,1.385,1.385,1.385,1.385,1.385,1.235,4098.9,3967.8,3967.8,3967.8,3967.8,3967.8,3967.8,3967.8,5016,99.8,587.5,759.6,401,154.2,191.1,405.5,1634.7,863.1,646.9,111,189.6,686.4,1179.1,116,282.7,544.3,1234.7,587.5,12.9,11,9.5,4.1,5.1,9.4,35.1,19.4,14.7,3.2,5.1,15.5,25.8,3.3,7,12.6,26.3,35.1,12.9,13.8,10.6,9.7,3.7,4.5,9.7,40.6,20.9,15.7,2.6,4.4,16.6,29.1,2.7,6.8,13.1,30.4,13.8,41.1,39.8,39.8,39.8,39.8,39.8,39.8,39.8,50.2,0,21.9,16.1,6.7,39.7,28.9,5.7,36.2,7.6,34.3,67.2,82.9,59.3,54.7,70.8,71.4,63.8,69.7,64.7,11.1,1.1,34.2,5.7,0.3,23.1,0,23,1.1,2394.8,23.99,40,39,39,77,116,384,1,79.6,79,66.4,64.1,70.7,70.6,71.8,72.6,77.5,67.3,74.8,63.8,66.8,73.4,1.364,1.09,0.65,17.614,3.902,17.777,135.707,0.207,32.879,3.113,2.877,1.788,3.921,4.203,1.876,4.62,1.898,3.722,24.044,4.252,28.431,31.218,0,0,1596.5,2394.5,4888,4941.4,6.3,25.4,96.9,41.1,39.7,39,83.2,0,0,_,_,_,2.425,0.923,1.8,79.1,5280,5640,51.2,1.11,1.11,1.8,1.815,1.005,5.11,_,_,_,49,49,45,100,100,_,_,5162,3145,0,0.6,0.6,0,0.034,7107,792,64.1,2399.2,0,16,0,58.7,68,64.6,87,0.7,20.177,20.181,20.173,34.89,18.437,17.965,10.797,28.888,6.201,16.966,34.335,13.905,1530,1750.2,1470,1514.2,1545,29,12,0,1,35.1,4.3,30.2,0,0,0,0,0,0,O,O,O,_,_,_,_,0,0,0,0,0,0,0,0,0,0,0,0,0,0,0,0,0,0,0,7971,4311,4035,360,16,16.962,62.014,85,0,4,60,55,31,16.7,67.3,281.1,2.3,72.8,14.87,438.66,3.56,0.52,13.82,22.53,0,13,3,0,0,0
17.8.2025,25:45.5,16747,17263,49.2,9410,22553,29.4,0,1.255,1.31,1.29,1.29,1.23,1.23,1.23,1.23,1.23,4232.4,3813.1,4766.4,3813.1,4666.6,3733.3,4666.6,3733.3,4666.6,99.8,601.7,1007.6,433.2,174.9,194.7,1113.8,706,1381.5,573,124.1,186.8,1011.3,531.9,226.7,199.1,1134.4,628,601.7,12.5,15,9.3,3.8,4.3,23.7,15.1,29.3,12.1,2.7,4.2,21.8,11.5,4.9,4.4,23.9,13.5,29.3,12.5,14.1,16.2,10.5,4.2,4.6,27.4,17.3,33.8,13.9,2.9,4.4,24.5,12.9,5.5,4.7,27.7,15.3,14.1,42.4,38.2,47.8,38.2,46.8,37.4,46.8,37.4,46.8,0,22.1,21.3,7.1,35.3,37.1,5.7,28.9,8.1,33.4,67.3,77.2,66.2,54.2,62.6,68.9,71.1,74.2,64,10.7,1.5,27,10.7,0.3,25.6,0,17.8,2.7,2395.7,24,40,39,39,77,116,384,1,81.2,79.6,66.5,64.2,70.5,70.8,72.3,71.8,78.4,67.1,73.7,63.9,66.4,73.2,1.363,1.09,0.65,17.678,3.922,17.406,135.489,0.207,32.962,3.13,3.059,1.919,3.587,4.671,1.845,4.186,2.089,3.683,24.104,4.274,28.513,31.228,0,0,1597.1,2395.7,4883.7,4939.4,6.2,24.9,96.8,41.2,39.9,39,83.8,0,0,_,_,_,2.446,0.992,1.8,81.1,5280,5640,51.2,1.11,1.11,1.8,1.8,1.005,5.11,_,_,_,49,49,46,100,100,_,_,5162,3145,0,0.4,0.4,0,0.002,7107,792,64.2,2400,0,16,0,58.8,68,64.6,87,0.675,20.176,20.182,20.17,33.943,18.713,16.27,10.858,27.229,6.201,17.036,41.093,12.301,1425,1750.2,1350,1412.3,1425,37,12,0,1,35.1,4,27.9,0,0,0,0,0,0,O,O,O,_,_,_,_,0,0,0,0,0,0,0,0,0,0,0,0,0,0,0,0,0,0,0,7976,4306,4030,360,16,16.961,62.014,85,0,4,60,55,31,17,60,61.8,58,60,16.68,17.23,16.17,5.34,11.33,16.39,0.28,13,3,0,0.1,0
17.8.2025,25:47.6,16807,17204,49.4,9419,22543,29.4,0,1.324,1.355,1.36,1.36,1.31,1.31,1.31,1.295,1.295,4215.5,3932.9,3853.1,4816.3,4791.4,3833.1,4791.4,3853.1,3853.1,99.8,595.2,899.1,338.6,175.6,182.4,1032.3,262.6,1944.9,527.6,191,252.1,1301.1,342,236.3,212,1127.2,497.8,595.2,12.4,14.8,7.2,3.7,3.9,21.9,5.7,41,10.9,4.1,5.6,28.2,7.1,5.1,4.6,24.1,10.6,41,12.4,14.2,15.9,8.1,4.2,4.3,25.4,6.2,48.2,12.8,4.5,6,32.1,8.1,5.6,5,28,12,14.2,42.2,39.4,38.6,48.2,48,38.4,48,38.6,38.6,0,22.1,19.1,6.6,24.3,47.6,8.2,31.1,8.3,31.3,67.9,78.4,63.9,62.2,52.1,77.9,68.9,74.5,65,10.2,2.5,29.8,13.7,0.2,14.1,0,17.4,3.8,2395.7,24,40,39,39,77,116,384,1,82.9,81.5,66.9,64.8,70.9,70.3,73,70.6,80.4,67.9,74.6,64.2,66.5,73.6,1.364,1.09,0.65,17.684,3.931,17.833,135.777,0.205,32.998,3.119,2.927,1.965,2.892,4.974,2.297,4.286,2.091,3.524,24.136,4.284,28.553,31.248,0,0,1597.1,2395.7,4888.7,4930.3,6.2,25.5,97,41.2,40.6,39.1,85.8,0,0,_,_,_,2.328,0.839,1.8,83.1,5280,5580,51.2,1.11,1.11,1.8,1.8,1.005,5.11,_,_,_,49,49,45,100,100,_,_,5162,3145,0,1.5,1.5,0.008,0.171,7107,792,64.8,2400,0,16,0,59.1,68,64.6,87,0.635,20.175,20.183,20.168,32.02,13.189,14.93,11.202,26.218,6.201,17.384,8.404,7.981,1200,1750.2,1125,1262.3,1200,38,12,0,0,35.1,4.8,33.5,0,0,0,0,0,0,O,O,O,_,_,_,_,0,0,0,0,0,0,0,0,0,0,0,0,0,0,0,0,0,0,0,7976,4306,4030,360,16,16.963,62.014,85,0,4,60,55,31,17.2,60,62.6,58.6,60.1,16.66,17.08,15.98,5.57,11.07,16.38,0.27,13,3,0,0,0
17.8.2025,25:49.6,16801,17209,49.4,9429,22534,29.4,0,1.357,1.36,1.365,1.365,1.35,1.35,1.35,1.36,1.36,4301,3932.9,4941.1,3952.9,3932.9,3932.9,3932.9,4841.3,4941.1,99.8,529,603.9,219,112.2,130.9,363.2,232.8,1790.7,1312.4,152.2,172.6,1123.1,762,123.9,223.4,598.5,543.3,529,11.5,10.3,5.6,3.3,3,8,5.8,38.1,27.3,4.2,4.8,24.5,16.5,3.2,5,12.9,12,38.1,11.5,12.6,10.6,5.2,2.6,3.1,8.6,5.1,44.7,32.6,3.5,4.1,27.8,18.6,2.5,5.3,14,13.2,12.6,43.1,39.4,49.5,39.6,39.4,39.4,39.4,48.5,49.5,0,19.6,12.5,4.8,9.2,61.1,6.3,36.1,6.5,20.3,64.4,81.7,50.9,68.1,38.9,79.8,63.9,52.5,79.6,16.2,5.9,44.7,23.1,0,14.1,0,41.4,0.1,2394.8,23.99,40,39,39,77,116,384,1,84,83.4,66.3,64.6,70.2,68.4,72.4,67.8,82.3,66.6,75.2,63.1,65.7,73,1.372,1.09,0.65,16.656,3.888,16.667,136.171,0.207,31.647,2.793,2.536,1.5,2.099,5.272,2.088,4.021,1.541,3.288,22.861,4.237,27.232,31.253,0,0,1596.5,2394.5,4896.2,4935.3,6.2,23.8,97.3,39.6,40.4,39.1,87.7,0,0,_,_,_,1.84,0.565,1.6,84.1,5280,5580,51.2,1.11,1.11,1.8,1.8,1.005,5.11,_,_,_,49,49,46,100,100,_,_,5162,3145,0.5,0.1,0.6,0.002,0.207,7107,793,64.6,2399.2,0,16,0,58.8,68,64.6,87,0.625,20.163,20.171,20.154,30.458,16.287,13.169,11.135,24.367,6.201,17.319,31.943,9.873,1155,1750.2,1095,1180.1,1155,37,12,0,0,35.1,5.7,39.7,0,0,0,0,0,0,O,O,O,_,_,_,_,0,0,0,0,0,0,0,0,0,0,0,0,0,0,0,0,0,0,0,7976,4306,4030,360,16,16.961,62.014,85,0,4,60,55,31,16.3,60,64.8,57.4,60,16.67,17.43,15.44,6.2,10.41,16.44,0.23,13,3,0,0.1,0
17.8.2025,25:51.6,16731,17279,49.1,9408,22554,29.4,0,1.364,1.365,1.365,1.365,1.365,1.365,1.365,1.365,1.36,4146.9,3873,3873,3873,3932.9,3932.9,4916.1,3932.9,4841.3,99.8,551.6,701.4,301.1,173.4,144.5,269.2,463.5,559.8,2527.4,136.4,164.1,660.3,1440.4,107.6,168.9,500.6,507.1,551.6,11.9,11.8,6.7,3.9,4,6.8,10.5,11.7,52.7,3.1,3.8,14.9,30.1,2.7,4.5,11.7,11.5,52.7,11.9,13.1,11.4,7.2,4.2,3.3,6.2,11.5,13.5,62.7,3.2,3.9,15.9,35.7,2.8,3.9,11.9,11.9,13.1,41.5,38.8,38.8,38.8,39.4,39.4,49.2,39.4,48.5,0,20.4,14.9,6.2,12.4,60.5,5.8,40.4,5.6,17.4,68.5,83.8,76.1,72.9,39.5,61.9,59.6,72.1,82.2,11.2,1.3,17.8,15,0,32.6,0,22.6,0.4,2395.7,24,40,39,39,77,116,384,1,85.1,84.2,67.2,65.3,70.8,69.1,74.2,68.5,83.1,66.4,76.2,63.5,65.5,73.4,1.368,1.09,0.65,17.296,3.89,17.321,135.834,0.208,32.459,2.947,2.78,2.165,2.491,5.22,1.681,4.388,1.79,3.061,23.665,4.239,28.039,31.26,0,0,1597.1,2395.7,4890,4931.8,6.2,24.7,97,40.6,40.3,39.1,88.6,0,0,_,_,_,1.873,0.57,1.6,85.1,5280,5640,51.2,1.11,1.11,1.8,1.8,1.005,5.11,_,_,_,49,49,46,100,100,_,_,5162,3145,0,2,2,0,0.14,7107,793,65.3,2400,0,16,0,58.7,68,64.6,87,0.64,20.174,20.182,20.166,32.729,14.877,14.462,11.04,25.571,6.201,17.211,18.849,10.806,1230,1750.2,1155,1188.9,1230,35,11,0,0,35.1,4.9,34.6,0,0,0,0,0,0,O,O,O,_,_,_,_,0,0,0,0,0,0,0,0,0,0,0,0,0,0,0,0,0,0,0,7976,4306,4030,360,16,16.963,62.014,85,0,4,60,55,31,16.3,60,61.8,58,60,16.67,17.23,16.17,6.4,10.26,16.43,0.24,13,3,0,0,0
17.8.2025,25:53.6,16718,17292,49.1,9405,22558,29.4,0,1.279,1.25,1.26,1.26,1.26,1.29,1.29,1.29,1.335,4085.8,3813.1,3833.1,3833.1,4791.4,3833.1,3833.1,3833.1,4916.1,99.8,522.2,627,246.4,182.2,130.3,291.1,382.3,688.8,2120.3,104,167.8,882,1288,94.7,145.9,420.4,584.5,522.2,10.8,10.1,5.3,3.9,2.8,6.4,8.2,14.5,43.6,2.3,3.7,18.7,26.9,1.9,3.2,8.6,12.9,43.6,10.8,12.4,10.5,5.9,4.4,3,6.8,9.2,16.8,52.3,2.4,3.9,21.6,32,2.2,3.3,9.3,14.6,12.4,40.9,38.2,38.4,38.4,48,38.4,38.4,38.4,49.2,0,19.2,13.1,6.3,11.2,53.8,5.3,42,4.6,17.6,66.7,81.8,58.9,68.7,46.2,70.5,58,71.3,78.3,14.2,5.2,35.1,20.4,0,24.5,0,24.4,4.2,2395.7,24,40,39,39,77,116,384,1,84.8,83.1,66.5,64.7,70.2,68.5,72.8,68.1,81.6,66.2,75.6,63.2,65.2,72.9,1.367,1.09,0.65,16.545,3.859,16.608,135.431,0.208,31.383,2.741,2.506,1.72,2.262,5.032,1.775,4.165,1.65,2.816,22.635,4.206,26.976,31.266,0,0,1597.1,2395.7,4893.4,4934.3,6.2,23.7,96.7,39.2,40.2,39.1,87.5,0,0,_,_,_,1.64,0.528,1.5,84.1,5280,5640,51.2,1.11,1.11,1.8,1.8,1.005,5.11,_,_,_,49,49,46,100,100,_,_,5162,3145,0,0.6,0.6,0,0.06,7107,793,64.7,2400,0,16,0,58.5,68,64.5,87,0.625,20.18,20.188,20.172,31.477,16.025,13.817,11.265,25.155,6.201,17.456,28.136,10.149,1155,1750.2,1095,1192.3,1155,39,12,0,0,35.1,5.2,36.7,0,0,0,0,0,0,O,O,O,_,_,_,_,0,0,0,0,0,0,0,0,0,0,0,0,0,0,0,0,0,0,0,7976,4306,4030,360,16,16.963,62.014,85,0,4,60,55,31,16.5,60,63.9,56.9,59.9,16.67,17.57,15.65,6.15,10.52,16.42,0.25,13,3,0,0,0
17.8.2025,25:55.6,16717,17293,49.1,9394,22568,29.3,0,1.308,1.29,1.265,1.265,1.245,1.26,1.38,1.38,1.38,3952.2,3793.2,3793.2,3793.2,4741.4,3793.2,5016,3344,3344,99.8,496.1,534.7,203.2,168,143.4,401.7,211.6,1213.1,495.1,145.2,139,2796.6,344.6,95.2,193.8,557,295.4,496.1,10.9,9.4,4.9,4.1,3.8,9.2,5.4,25.9,11.2,3.8,3.6,57.6,7.5,2.5,4.8,13.7,7.3,57.6,10.9,11.8,8.8,4.8,4,3.3,9.6,4.9,29.2,12.3,3.5,3.2,68.7,8.3,2.2,4.6,14.7,7,11.8,39.6,38,38,38,47.5,38,50.2,33.5,33.5,0,18.6,11.5,6.4,10.1,32.4,5.7,60.9,5.8,16.1,63.4,82.5,55.5,62.8,67.4,56.9,39.1,61.6,81.1,18.2,6.1,38.4,27.5,0.2,37.7,0,32.9,2.9,2394.8,23.99,40,39,39,77,116,384,1,83.5,81.5,66.1,64.3,69.6,67.9,71.6,67.3,78.5,65.6,77.8,63,65.3,72.5,1.37,1.09,0.65,16.122,3.821,16.087,135.702,0.207,30.81,2.645,2.448,1.66,2.024,4.068,1.546,5.128,1.575,2.709,22.112,4.164,26.411,31.261,0,0,1596.5,2394.5,4898.2,4949.4,6.3,23,96.9,38.5,39.7,39.1,85.8,0,0,_,_,_,1.521,0.502,1.5,83.1,5280,5640,51.2,1.11,1.11,1.815,1.8,1.005,5.11,_,_,_,49,49,46,100,100,_,_,5162,3145,0,1,1,0,0.042,7107,793,64.3,2399.2,0,16,0,58.7,68,64.5,87,0.62,20.178,20.186,20.169,30.631,12.659,13.736,11.445,25.232,6.201,17.626,4.337,10.037,1110,1750.2,1035,1132.4,1095,39,11,0,0,35.1,5.4,38.1,0,0,0,0,0,0,O,O,O,_,_,_,_,0,0,0,0,0,0,0,0,0,0,0,0,0,0,0,0,0,0,0,7976,4306,4030,360,16,16.962,62.014,85,0,4,60,55,31,16.7,60,63,57.7,59.9,16.66,17.34,15.88,6.6,10.06,16.41,0.25,13,3,7.1,5.8,0
17.8.2025,25:57.6,16714,17296,49.1,9394,22568,29.3,0,1.361,1.305,1.38,1.375,1.365,1.365,1.365,1.365,1.365,4558,4991,3893,4966,4916.1,3932.9,4916.1,4916.1,3932.9,99.8,489,493.3,140.4,195.7,159.8,470.8,252,1263.7,444.8,107.1,141,2782.6,314.5,174.8,158.4,414.7,310.8,489,10.4,9.4,3.2,4.3,3.5,10.2,4.9,27.6,9.9,2.4,3.3,58.1,6.2,3.7,3.6,9.3,7,58.1,10.4,11.8,9.4,3.3,4.7,3.7,11.3,5,31.9,11.3,2.5,3.3,69.7,7.4,4.2,3.7,10,7.3,11.8,45.7,50,39,49.8,49.2,39.4,49.2,49.2,39.4,0,18.4,10.7,7.1,11.3,33.7,4.9,60.6,6.7,12.2,65.2,78.8,68.1,62.6,66.3,65.2,39.4,56.3,84.9,16.6,10.6,24.9,26.5,0.1,30.2,0,37.3,3,2395.7,24,40,39,39,77,116,384,1,83.4,81.9,66.4,64.5,69.8,67.7,72.4,67.4,79,65.7,78.2,63,64.9,72.6,1.371,1.09,0.65,16.28,3.813,16.295,136.046,0.206,31.021,2.668,2.331,1.951,2.073,3.959,1.663,5.292,1.542,2.531,22.335,4.155,26.625,31.256,0,0,1597.1,2395.7,4906.3,4944.2,6.2,23.3,97.2,38.8,39.4,39.1,86.2,0,0,_,_,_,1.486,0.49,1.5,83.1,5280,5640,51.2,1.11,1.11,1.815,1.8,1.005,5.11,_,_,_,49,49,46,100,100,_,_,5162,3145,0,1.5,1.5,0,0.028,7107,793,64.5,2400,0,16,0,58.5,68,64.5,87,0.625,20.18,20.188,20.171,31.216,15.127,13.769,11.265,25.113,6.201,17.458,21.894,10.19,1185,1750.2,1095,1152.9,1155,39,11,0,0,35.1,5.6,39,0,0,0,0,0,0,O,O,O,_,_,_,_,0,0,0,0,0,0,0,0,0,0,0,0,0,0,0,0,0,0,0,7976,4306,4030,360,16,16.963,62.014,85,0,4,60,55,31,17.1,60,63,57.6,60,16.66,17.37,15.88,6.73,9.94,16.42,0.25,13,3,0,0,0
17.8.2025,25:59.6,16713,17297,49.1,9394,22569,29.3,0,1.323,1.315,1.315,1.315,1.315,1.32,1.335,1.335,1.335,4115.1,3873,3873,3873,4841.3,3873,4841.3,3873,3873,99.8,497.4,653.5,237.4,103.9,115.1,273.9,358.9,663.7,1036.1,153.5,142.5,1217.6,1773.8,90.6,246.1,417.8,473.7,497.4,10.4,10.7,5.1,2.2,2.5,6,8.5,14.4,21.3,3.4,3.2,25,36.8,1.9,5.3,9.1,10.4,36.8,10.4,11.8,11,5.7,2.4,2.7,6.4,9.4,16,25.2,3.7,3.3,29.6,44.3,2.1,5.9,10,11.5,11.8,41.2,38.8,38.8,38.8,48.5,38.8,48.5,38.8,38.8,0,18.5,14.1,4.4,10.5,32,6,58.4,6.9,15.6,63.7,77.1,59.4,67.5,67.7,60.1,41.6,56.7,79.5,18,9,36.5,22.3,0.3,34.2,0,36.7,5,2395.7,24,40,39,39,77,116,384,1,83.1,81.4,66,64.1,69.7,68.3,71.3,67.7,78.2,65.8,77.7,63,65.2,72.5,1.372,1.09,0.65,16.209,3.818,16.206,136.177,0.205,30.951,2.676,2.509,1.609,2.259,3.876,1.649,5.286,1.57,2.649,22.257,4.161,26.552,31.252,0,0,1597.1,2395.7,4906.7,4948.6,6.2,23.2,97.3,38.7,39.2,39.1,85.6,0,0,_,_,_,1.536,0.492,1.5,83.1,5280,5580,51.2,1.11,1.11,1.815,1.8,1.005,5.11,_,_,_,49,49,46,100,100,_,_,5162,3145,0,1.4,1.4,0,0.059,7107,793,64.1,2400,0,16,0,58.6,68,64.6,87,0.64,20.174,20.182,20.166,31.771,13.327,14.792,11.14,26.014,6.201,17.329,4.899,12.912,1230,1750.2,1155,1177.1,1230,38,11,0,0,35.1,5.6,39.3,0,0,0,0,0,0,O,O,O,_,_,_,_,0,0,0,0,0,0,0,0,0,0,0,0,0,0,0,0,0,0,0,7976,4306,4030,360,16,16.962,62.014,85,0,4,60,55,31,16.3,60,63.3,56.9,60,16.67,17.56,15.81,6.76,9.92,16.42,0.25,13,3,0.1,0.1,0
17.8.2025,26:01.6,16712,17298,49.1,9390,22572,29.3,0,1.289,1.25,1.26,1.26,1.265,1.265,1.265,1.375,1.375,3919.6,3813.1,3813.1,3813.1,4766.4,3813.1,4766.4,3327.3,3244.1,99.8,497,568.1,216.8,204.9,116.2,211.9,289.7,591.1,959.1,138,136,442.7,2986.6,222.6,154.6,281.6,431.4,497,11,10,5.2,5.1,3.2,5.4,7,13.5,21,3.7,3.8,10.7,60.9,5.3,4,7,10.2,60.9,11,11.8,9.3,5.2,4.9,2.7,4.9,6.8,13.9,24,3.2,3.2,11.9,73.4,5.3,3.7,6.6,10.4,11.8,39.3,38.2,38.2,38.2,47.8,38.2,47.8,33.3,32.5,0,18.5,12.2,6.4,7.7,29.5,5.5,67.4,7.6,11.9,64.1,78.9,64.4,66,70.4,62.8,32.6,52.3,85.6,17.5,9,29.5,26.8,0.1,32,0,40.4,2.6,2395.7,24,40,39,39,77,116,384,1,83,82,66.2,64.4,69.8,67.8,72.1,66.9,78.6,65.7,79.1,63.1,65.1,72.5,1.372,1.09,0.65,16.309,3.808,16.31,136.025,0.205,31.071,2.677,2.418,1.839,1.903,3.886,1.68,5.448,1.714,2.527,22.39,4.15,26.673,31.248,0,0,1597.1,2395.7,4905.5,4945.5,6.2,23.3,97.2,38.9,39,39.1,86.4,0,0,_,_,_,1.508,0.497,1.5,82.1,5280,5580,51.2,1.11,1.11,1.815,1.8,1.005,5.11,_,_,_,49,49,46,100,100,_,_,5162,3145,0,1.5,1.5,0,0.018,7107,793,64.4,2400,0,16,0,58.5,68,64.4,87,0.625,20.176,20.185,20.167,31.702,12.709,13.599,11.243,24.906,6.201,17.433,4.504,11.079,1155,1750.2,1095,1209.8,1155,37,12,0,0,35.1,5.4,37.6,0,0,0,0,0,0,O,O,O,_,_,_,_,0,0,0,0,0,0,0,0,0,0,0,0,0,0,0,0,0,0,0,7976,4306,4030,360,16,16.963,62.014,85,0,4,60,55,31,16.4,60,62.4,57,59.9,16.66,17.54,16.03,6.6,10.05,16.41,0.25,13,3,0,0,0
17.8.2025,26:03.6,16712,17298,49.1,9390,22572,29.3,0,1.334,1.325,1.325,1.325,1.32,1.32,1.32,1.32,1.415,4233.6,3873,3873,3873,4841.3,3873,4816.3,3853.1,4866.2,99.8,494.6,561.5,172.4,174.7,76.3,224.9,241.5,1402.3,741.4,170.3,157.6,819.4,1912.7,155.3,144.9,513,444.8,494.6,10.5,10.3,3.7,4,1.7,5.2,5.5,29.8,15.5,4,3.6,17,40.1,3.6,3.1,10.7,9.8,40.1,10.5,11.8,10.2,4.1,4,1.8,5.2,5.6,34.9,18.1,4,3.8,19.7,48.2,3.6,3.5,11.8,10.7,11.8,42.4,38.8,38.8,38.8,48.5,38.8,48.2,38.6,48.8,0,18.5,12,4.9,7,41.5,6.7,53.3,6,16.5,64.4,78.7,69.8,63.3,58.3,58.7,46.7,58.8,80.7,17.3,9.4,25.5,30.3,0.1,34.9,0,35.5,2.8,2395.7,24,40,39,39,77,116,384,1,84,82.7,66.4,64.6,69.8,67.8,72.4,66.8,80,65.8,77.4,62.9,65.2,72.6,1.371,1.09,0.65,16.253,3.823,16.236,135.991,0.206,30.993,2.663,2.414,1.862,1.803,4.3,1.667,4.977,1.536,2.742,22.292,4.166,26.593,31.242,0,0,1597.1,2395.7,4901.7,4945.2,6.2,23.2,97.1,38.7,38.9,39.1,87,0,0,_,_,_,1.557,0.513,1.5,84.1,5280,5580,51.2,1.11,1.11,1.815,1.8,1.005,5.11,_,_,_,49,49,46,100,100,_,_,5162,3145,0,1.4,1.4,0,0.077,7107,794,64.6,2400,0,16,0,58.4,68,64.4,87,0.62,20.179,20.188,20.171,31.021,12.538,13.312,11.305,24.669,6.201,17.494,4.362,10.421,1140,1750.2,1065,1134.1,1125,38,12,0,0,35.1,5.4,37.8,0,0,0,0,0,0,O,O,O,_,_,_,_,0,0,0,0,0,0,0,0,0,0,0,0,0,0,0,0,0,0,0,7976,4306,4030,360,16,16.963,62.014,85,0,4,60,55,31,15.9,60,62,57.9,60,16.66,17.27,16.12,6.48,10.19,16.41,0.25,13,3,0,0,0
17.8.2025,26:05.6,16712,17299,49.1,9391,22571,29.3,0,1.366,1.37,1.365,1.365,1.365,1.365,1.365,1.365,1.365,4150,3873,3952.9,3952.9,4841.3,3873,4841.3,3932.9,3932.9,99.8,487.8,539.2,184.6,193.1,73.2,220.2,218.5,2686.6,489.2,171.3,99.6,1443.4,443.2,171.9,81.7,528.9,259.7,487.8,10.7,10,4.4,4.9,2,5.5,5.4,56,10.5,4.3,2.8,31.2,9.4,4.3,2.1,12.6,6.4,56,10.7,11.7,9.3,4.5,4.5,1.7,5.1,5,66.8,11.9,4,2.4,35.9,10.3,4,1.9,13.4,6.1,11.7,41.6,38.8,39.6,39.6,48.5,38.8,48.5,39.4,39.4,0,18.2,11.5,5.2,6.4,62.5,5.4,35.9,5,14,63.9,78.1,66.3,72.8,37.2,56.7,64,53.8,82,18.1,10.6,28.6,21.1,0.3,38.2,0,41.6,4.1,2395.7,24,40,39,39,77,116,384,1,85.1,84.2,66.6,64.9,70,67.8,73.4,66.8,83.1,65.5,75.5,62.7,64.9,72.8,1.373,1.09,0.65,16.186,3.803,16.174,136.275,0.208,30.905,2.649,2.354,1.838,1.947,5.287,1.587,4.162,1.396,2.623,22.228,4.145,26.508,31.237,0,0,1597.1,2395.7,4906,4941.7,6.2,23.1,97.3,38.6,38.8,39,88.6,0,0,_,_,_,1.473,0.497,1.5,84.1,5280,5640,51.2,1.11,1.11,1.815,1.8,1.005,5.11,_,_,_,49,49,46,100,100,_,_,5162,3145,0,0.5,0.5,0,0.008,7107,794,64.9,2400,0,16,0,58.7,68,64.5,87,0.625,20.167,20.176,20.158,31.311,12.713,13.894,11.298,25.257,6.201,17.485,4.574,10.285,1185,1750.2,1095,1144.4,1155,38,11,0,0,35.1,5.5,38.5,0,0,0,0,0,0,O,O,O,_,_,_,_,0,0,0,0,0,0,0,0,0,0,0,0,0,0,0,0,0,0,0,7976,4306,4030,360,16,16.962,62.014,85,0,4,60,55,31,16.7,60,62.8,57.5,60,16.67,17.39,15.92,6.67,10.01,16.42,0.25,13,3,0,0,0
17.8.2025,26:07.6,16711,17299,49.1,9389,22573,29.3,0,1.262,1.355,1.16,1.205,1.205,1.205,1.205,1.38,1.38,4191.4,3967.8,3344,4891.2,4891.2,4891.2,4891.2,3327.3,3327.3,99.8,496.4,618.3,236.6,231.8,59.7,447.4,243.7,2759.3,316.6,161.7,102,1354.5,375.6,252,85.3,444.8,253.1,496.4,10.3,10.1,4.9,5.1,1.1,9.6,5.4,57.4,6.4,3.6,2.2,28.8,7.6,5.6,1.7,9.8,5.8,57.4,10.3,11.8,10.1,5.8,5.5,1.3,10.8,5.7,68.8,7.5,3.7,2.4,33.3,8.7,6,2,10.7,6,11.8,42,39.8,33.5,49,49,49,49,33.3,33.3,0,18.4,13.1,5.8,11.5,60.4,5.2,32.7,6.9,11.6,64.3,78.8,61.3,58.3,39.2,67.8,67.3,59,83,17.4,8.2,33.2,30.6,0.3,27.3,0,34.5,5.5,2395.7,24,40,39,39,77,116,384,1,85,83.6,66.5,64.8,69.8,68,73,67.4,82.5,65.8,74.4,63,64.4,72.6,1.369,1.09,0.65,16.062,3.81,16.195,135.673,0.208,30.687,2.637,2.461,1.743,1.989,5.455,1.705,3.743,1.581,2.421,22.001,4.152,26.289,31.232,0,0,1597.1,2395.7,4897.6,4939.1,6.2,23.1,96.9,38.4,38.8,39,88,0,0,_,_,_,1.504,0.502,1.5,84.1,5280,5640,51.2,1.11,1.11,1.815,1.8,1.005,5.11,_,_,_,49,49,46,100,100,_,_,5162,3145,0,2,2,0,0.111,7107,794,64.8,2400,0,16,0,58.6,68,64.5,87,0.635,20.18,20.188,20.172,31.012,12.631,13.955,11.023,25.033,6.201,17.203,4.708,10.292,1200,1750.2,1125,1196.9,1200,36,11,0,0,35.1,5.4,37.6,0,0,0,0,0,0,O,O,O,_,_,_,_,0,0,0,0,0,0,0,0,0,0,0,0,0,0,0,0,0,0,0,7976,4306,4030,360,16,16.962,62.014,85,0,4,60,55,31,15.6,60,63.9,56.8,60,16.68,17.59,15.65,6.65,10.02,16.42,0.25,13,3,0,0,0
17.8.2025,26:09.6,16711,17299,49.1,9390,22572,29.3,0,1.36,1.36,1.36,1.36,1.36,1.36,1.36,1.36,1.36,4224.9,3912.9,3853.1,4816.3,4816.3,3853.1,3853.1,3853.1,4841.3,99.8,489.1,714.8,295.8,251.9,107.3,234.2,514.7,501.2,2221,165.8,94.5,446.2,1187.4,202.6,124.5,247.9,515.8,489.1,10.6,11.3,6.6,6,2.8,5.6,11.4,10.4,46.2,4.2,2.6,10.3,25.9,4.9,3.1,6,11.6,46.2,10.6,11.5,11.1,7.3,6,2.6,5.4,12.4,12.1,55.1,3.8,2.2,10.7,30,4.8,3,5.6,12.4,11.5,42.3,39.2,38.6,48.2,48.2,38.6,38.6,38.6,48.5,0,18.1,15.2,7.2,12.8,53.1,5.1,31.7,6.6,12.8,64.5,73.2,64,56.1,46.7,72.8,68.3,52.6,82.4,17.6,11.9,28.9,31.6,0.2,22.3,0,41.1,4.9,2395.7,24,40,39,39,77,116,384,1,84.4,82.3,66.4,64.6,69.6,68.2,73,67.7,80.7,65.9,73.9,62.9,64.4,72.5,1.371,1.09,0.65,16.072,3.803,15.999,135.944,0.208,30.731,2.623,2.473,2.056,2.184,4.792,1.798,3.718,1.478,2.484,22.058,4.145,26.338,31.224,0,0,1597.1,2395.7,4903.3,4943.5,6.2,22.9,97.1,38.4,38.6,39,86.6,0,0,_,_,_,1.424,0.468,1.4,83.1,5280,5580,51.2,1.11,1.11,1.815,1.8,1.005,5.11,_,_,_,49,49,46,100,100,_,_,5162,3145,0,0.5,0.5,0,0.006,7107,794,64.6,2400,0,16,0,59.1,68,64.5,87,0.635,20.179,20.185,20.173,31.872,13.018,14.594,11.243,25.922,6.201,17.43,4.901,10.838,1215,1750.2,1125,1152.4,1200,37,12,0,0,35.1,5.5,38.4,0,0,0,0,0,0,O,O,O,_,_,_,_,0,0,0,0,0,0,0,0,0,0,0,0,0,0,0,0,0,0,0,7976,4306,4030,360,16,16.963,62.014,85,0,4,60,55,31,16.7,60,63.1,57.3,60,16.66,17.46,15.85,6.52,10.14,16.4,0.25,13,3,0,0,0
17.8.2025,26:11.6,16713,17298,49.1,9390,22572,29.3,0,1.306,1.27,1.265,1.265,1.295,1.295,1.295,1.38,1.38,4172.5,3813.1,4766.4,4766.4,4766.4,3813.1,4766.4,3344,3344,99.8,487.5,721.7,376,425.1,58.3,210.3,347.1,502.1,1565.3,158.3,94.4,680.9,1560,134.1,121.8,276.1,569.3,487.5,9.9,9.3,7.7,9,1.1,4.5,7.4,11.3,32.5,3.4,2,14.3,31.6,3,2.4,6.2,12.1,32.5,9.9,11.3,9.4,9.3,10.4,1.3,4.8,8.4,11.7,39.1,3.6,2.2,16.6,38,3.1,2.9,6.6,13.8,11.3,41.8,38.2,47.8,47.8,47.8,38.2,47.8,33.5,33.5,0,17.8,15.2,9.8,9.3,40,5.1,42.8,5.2,15.2,60.8,73.2,58.5,55.9,59.3,57.1,57.1,48,77.7,21.6,11.8,32,35.3,0.7,38.2,0,47.1,7.4,2394.8,23.99,40,39,39,77,116,384,1,83.2,81.3,66.1,64.3,69.2,68,72.5,66.8,79.1,65.1,75,62.5,64.6,72.3,1.372,1.09,0.65,15.593,3.771,15.614,135.863,0.208,30.031,2.534,2.499,1.917,1.882,4.421,1.54,4.159,1.3,2.556,21.403,4.109,25.647,31.213,0,0,1596.5,2394.5,4903.8,4947.9,6.2,22.3,97,37.6,38.4,39,85.6,0,0,_,_,_,1.234,0.412,1.4,83.1,5280,5580,51,1.11,1.11,1.815,1.8,1.005,5.11,_,_,_,49,49,46,100,100,_,_,5162,3145,0,0.5,0.5,0,0.012,7107,794,64.3,2399.2,0,16,0,58.5,70,64.5,87,0.62,20.176,20.185,20.167,28.221,12.326,13.16,11.082,24.301,6.201,17.27,4.46,9.806,1110,1750.2,1035,1187.3,1095,37,11,0,0,35.1,5.2,36.4,0,0,0,0,0,0,O,O,O,_,_,_,_,0,0,0,0,0,0,0,0,0,0,0,0,0,0,0,0,0,0,0,7976,4306,4030,360,16,16.963,62.014,85,0,4,60,55,31,16.7,60,62.3,57.7,60,16.66,17.34,16.05,6.36,10.3,16.43,0.24,13,3,0,0,0
17.8.2025,26:13.6,16712,17298,49.1,9391,22571,29.3,0,1.352,1.265,1.27,1.38,1.38,1.38,1.38,1.38,1.38,4116.3,3813.1,3813.1,4866.2,3893,3893,3893,3893,4866.2,99.8,467.3,548.4,130.6,297.8,94,306.9,227.2,1161.3,1320.2,154.2,109.7,1401.5,584.2,239.7,113,396.4,391.5,467.3,9.9,10.6,2.7,6.4,2,6.1,5,24.9,27.4,3.6,2.4,29.6,13.1,5.2,2.4,8.7,7.9,29.6,9.9,11.2,10.7,3.1,7.2,2.2,6.5,5.3,29.1,32.8,3.6,2.6,34.7,15.2,5.7,2.7,9.5,8.5,11.2,41.2,38.2,38.2,48.8,39,39,39,39,48.8,0,17.7,11.6,7.9,8.1,49.1,5.2,39.3,7.2,13.2,62.3,72.1,59.5,59.9,49.8,70.6,60.7,47.8,77.9,20.2,16.5,32.8,32.5,1.1,24.4,0,45.4,9.2,2395.7,24,40,39,39,77,116,384,1,83.4,82,66,64.3,69.1,67.3,72.3,66.6,80.2,65.5,74.4,62.7,64.1,72.2,1.37,1.09,0.65,15.538,3.786,15.591,135.68,0.208,29.943,2.513,2.233,1.803,1.802,4.727,1.75,3.932,1.384,2.473,21.301,4.126,25.563,31.201,0,0,1597.1,2395.7,4899.4,4947,6.3,22.3,96.9,37.4,38.1,39,86.3,0,0,_,_,_,1.205,0.399,1.4,82.1,5280,5640,51,1.11,1.11,1.815,1.8,1.005,5.11,_,_,_,49,49,46,100,100,_,_,5162,3145,0,1.5,1.5,0,0.022,7107,794,64.3,2400,0,16,0,58.3,68,64.5,87,0.62,20.19,20.199,20.181,30.46,12.399,13.283,11.17,24.52,6.201,17.359,4.428,9.832,1095,1750.2,1035,1092,1095,38,11,0,0,35.1,5.4,38,0,0,0,0,0,0,O,O,O,_,_,_,_,0,0,0,0,0,0,0,0,0,0,0,0,0,0,0,0,0,0,0,7976,4306,4030,360,16,16.961,62.014,85,0,4,60,55,31,16.4,60,62.4,58.5,60,16.67,17.1,16.02,6.52,10.15,16.42,0.24,13,3,0,0,0
17.8.2025,26:15.6,16711,17299,49.1,9390,22572,29.3,0,1.335,1.315,1.32,1.32,1.36,1.36,1.315,1.315,1.375,4233.6,3873,3873,3873,4816.3,3853.1,4841.3,3873,4866.2,99.8,473.1,718.9,157,212.8,54.1,463,193.3,1301,552.5,127.6,102.9,1691.5,573,164.1,122.3,864.2,271.5,473.1,10.3,14.1,3.7,5.2,1.6,10.9,4.7,27.6,11.9,3.4,2.7,35,12.2,4.1,3,18,7.1,35,10.3,11.3,14.5,3.8,5,1.2,11.9,4.4,31.8,13.4,2.9,2.3,41.3,13.9,3.8,2.9,20.4,7.2,11.3,42.4,38.8,38.8,38.8,48.2,38.6,48.5,38.8,48.8,0,17.7,15.2,5.4,11.7,35.5,4.4,43.2,5.7,20.9,61.7,67.4,52.4,54.2,62.6,78.9,56.8,49.5,71.6,20.8,17.6,42.5,34.6,1.9,16.8,0,45.1,7.7,2394.8,23.99,40,39,39,77,116,384,1,82.2,80.1,65.5,63.7,69,67.8,70.7,67.2,77.6,65.7,75.1,62.6,65.2,72,1.375,1.09,0.65,15.736,3.765,15.629,136.422,0.208,30.255,2.558,2.438,1.528,1.92,3.966,1.875,4.471,1.367,2.903,21.637,4.103,25.874,31.189,0,0,1596.5,2394.5,4912.1,4951.1,6.2,22.3,97.4,37.8,37.9,39,84.3,0,0,_,_,_,1.207,0.408,1.4,81.1,5280,5580,51,1.11,1.11,1.815,1.8,1.005,5.11,_,_,_,49,49,45,100,100,_,_,5162,3145,0,0.5,0.5,0,0.014,7107,794,63.7,2399.2,0,16,0,58.7,68,64.4,87,0.625,20.185,20.193,20.176,31.01,12.993,13.969,11.207,25.24,6.201,17.395,4.57,12.37,1155,1750.2,1095,1126.7,1155,38,12,0,0,35.1,5.6,39,0,0,0,0,0,0,O,O,O,_,_,_,_,0,0,0,0,0,0,0,0,0,0,0,0,0,0,0,0,0,0,0,7976,4306,4030,360,16,16.963,62.014,85,0,4,60,55,31,16.6,60,62.1,58.2,59.9,16.67,17.19,16.11,6.76,9.9,16.42,0.24,13,3,0,0,0
17.8.2025,26:17.7,16710,17301,49.1,9389,22573,29.3,0,1.317,1.3,1.29,1.29,1.29,1.305,1.305,1.38,1.38,4340.9,3833.1,4791.4,4791.4,4791.4,3813.1,3813.1,4941.1,3952.9,99.8,484,731,302.3,233.8,53.9,204.4,282.9,1039,917.8,144.5,83.4,1405.1,1240.3,255.4,99.7,402.4,348.1,484,9.9,11.1,6.2,5,1.1,4.5,6.1,22.2,18.8,3.2,1.8,29.6,25.4,4.9,2,9.5,7.6,29.6,9.9,11.4,11.4,7.4,5.5,1.2,4.7,6.6,25.7,22.2,3.3,1.9,35.2,30.6,5.4,2.3,10.6,8.3,11.4,43.5,38.4,48,48,48,38.2,38.2,49.5,39.6,0,17.9,15.3,5.7,7.7,37.7,4.6,52.1,6.5,13.4,63.6,77.5,60.9,64.1,62.1,56.5,47.9,57.1,82.5,18.7,7.3,33.6,28.5,0.2,39.2,0,36.6,4.2,2394.8,23.99,40,39,39,77,116,384,1,82.6,81.7,66,64.2,69.3,68,71.7,66.5,78.9,65.1,76.4,62.7,64.7,72.2,1.372,1.09,0.65,15.844,3.787,15.917,135.906,0.208,30.385,2.572,2.573,1.718,1.844,4.29,1.472,4.594,1.544,2.539,21.739,4.126,26,31.181,0,0,1596.5,2394.5,4905.6,4947,6.2,22.7,97.1,38,37.9,39,86,0,0,_,_,_,1.269,0.417,1.4,82.1,5280,5640,51,1.11,1.11,1.815,1.8,1.005,5.11,_,_,_,49,49,46,100,100,_,_,5162,3145,0,1,1,0,0.059,7107,794,64.2,2399.2,0,16,0,58.4,68,64.2,87,0.62,20.18,20.189,20.172,30.683,12.392,13.213,11.245,24.509,6.201,17.428,4.4,9.749,1080,1750.2,1005,1133.7,1065,38,12,0,0,35.1,5.3,37.4,0,0,0,0,0,0,O,O,O,_,_,_,_,0,0,0,0,0,0,0,0,0,0,0,0,0,0,0,0,0,0,0,7976,4306,4030,360,16,16.963,62.014,85,0,4,60,55,31,16.3,60,62.7,58,59.9,16.67,17.26,15.95,6.4,10.18,16.42,0.24,13,3,0,0.1,0
17.8.2025,26:19.6,16710,17300,49.1,9388,22574,29.3,0,1.361,1.365,1.36,1.36,1.36,1.36,1.36,1.36,1.36,4171.2,3873,3932.9,3932.9,3932.9,3932.9,4916.1,3932.9,4916.1,99.8,486,638.9,222,252.8,92.8,232.7,293.2,462.2,783.9,129.8,150.6,574.1,2801.4,129.7,175.4,279.7,557.2,486,10.3,11.5,4.5,6.2,1.9,5.8,7,11.1,16.8,2.8,3.4,11.7,57.6,3.5,3.6,6.3,11.5,57.6,10.3,11.5,10.9,5.4,6,2.2,5.4,6.9,11,19.6,3,3.6,13.9,69.6,3.8,4.2,6.6,12.2,11.5,41.8,38.8,39.4,39.4,39.4,39.4,49.2,39.4,49.2,0,18.1,13.6,7,8.4,23.7,5.7,65.9,6.8,13.6,64.4,76.5,66.3,66.1,76.2,61.9,34.1,50.2,83.7,17.7,10.1,26.9,25.9,0.1,32.6,0,43.3,2.8,2395.7,24,40,39,39,77,116,384,1,82.4,80.8,66,64.2,69.2,67.7,71.5,66.7,77,65.3,78.2,62.6,64.8,72.1,1.372,1.09,0.65,16.065,3.786,15.97,135.879,0.206,30.698,2.615,2.471,1.888,1.942,3.478,1.657,5.409,1.415,2.66,22.048,4.127,26.309,31.173,0,0,1597.1,2395.7,4901,4953.8,6.2,22.8,97.1,38.3,37.9,39,85.1,0,0,_,_,_,1.393,0.46,1.4,82.1,5280,5640,51,1.11,1.11,1.8,1.8,1.005,5.11,_,_,_,49,49,46,100,100,_,_,5162,3145,0,0.5,0.6,0.008,0.063,7107,794,64.2,2400,0,16,0,58.5,68,64.4,87,0.62,20.176,20.186,20.166,31.164,12.977,13.802,11.365,25.228,6.201,17.555,4.505,12.184,1095,1750.2,1035,1073.1,1095,40,12,0,1,35.1,5.5,38.8,0,0,0,0,0,0,O,O,O,_,_,_,_,0,0,0,0,0,0,0,0,0,0,0,0,0,0,0,0,0,0,0,7976,4306,4030,360,16,16.963,62.014,85,0,4,60,55,31,16.4,60,62.1,58.3,60,16.68,17.16,16.11,6.67,10.02,16.43,0.25,13,3,0.9,1,0
17.8.2025,26:21.7,16710,17301,49.1,9390,22572,29.3,0,1.351,1.36,1.35,1.35,1.35,1.35,1.35,1.35,1.35,4093.9,4816.3,3853.1,3853.1,4816.3,3853.1,3853.1,3853.1,3853.1,99.8,496.2,627.2,213.8,160.3,99.9,299,483.7,921.6,586.5,133.2,138.4,463,2499.5,155,187.9,360.7,610.1,496.2,10.7,10.8,5,3.6,2.8,6.5,10.2,19.6,13.1,3.6,3.7,10.3,51.9,4,4.6,8.5,13.9,51.9,10.7,11.9,11,5.1,3.8,2.3,7,11.7,22.5,14.3,3.1,3.2,11.1,62.6,3.7,4.5,8.6,16,11.9,41,48.2,38.6,38.6,48.2,38.6,38.6,38.6,38.6,0,18.6,13.3,5.4,13.3,28.3,5.4,58.3,7,17.6,63.8,74.8,61.9,62,71.6,67.8,41.7,49.7,80.6,17.8,12,33,25.1,0.1,27,0,43.6,1.9,2395.7,24,40,39,39,77,116,384,1,82.4,80.9,66,64.2,69.5,68,71.3,68,77.5,65.7,77.3,62.7,65.6,72.3,1.371,1.09,0.65,16.219,3.82,16.208,135.843,0.206,30.946,2.651,2.471,1.697,2.469,3.683,1.723,4.867,1.439,2.857,22.253,4.164,26.551,31.171,0,0,1597.1,2395.7,4900.1,4949.5,6.2,23.2,97,38.7,38.2,39,85.2,0,0,_,_,_,1.511,0.495,1.5,82.1,5280,5640,51,1.11,1.11,1.8,1.8,1.005,5.11,_,_,_,49,49,46,100,100,_,_,5162,3145,0.5,1,1.5,0.002,0.035,7107,794,64.2,2400,0,16,0,58.5,68,64.5,87,0.62,20.177,20.186,20.168,31.218,12.783,13.423,11.163,24.646,6.201,17.347,4.501,12.203,1125,1750.2,1065,1105.3,1125,38,11,0,0,35.1,5.6,38.9,0,0,0,0,0,0,O,O,O,_,_,_,_,0,0,0,0,0,0,0,0,0,0,0,0,0,0,0,0,0,0,0,7976,4306,4030,360,16,16.962,62.014,85,0,4,60,55,32,16.8,60,61.7,58,60,16.67,17.24,16.21,6.82,9.84,16.41,0.25,13,3,0.1,0,0
17.8.2025,26:23.6,16718,17292,49.1,9406,22556,29.4,0,1.373,1.33,1.38,1.38,1.38,1.38,1.38,1.38,1.37,4148.8,4841.3,3893,3893,3893,3893,3893,3893,4991,99.8,506.1,658.9,300.9,236.5,97.3,391.6,230.9,2693.7,536.4,143.3,196.5,1087.2,557.7,179.3,106.1,389.9,292.2,506.1,10.4,9.9,5.9,5.2,2,8.5,5,56.2,10.9,3.1,4.6,23.3,11.7,3.8,2.3,8.1,6.7,56.2,10.4,11.9,10.1,6.9,5.7,2.2,9.4,5.4,67.4,13.1,3.3,4.8,26.8,13.6,4.2,2.5,8.6,7.1,11.9,41.6,48.5,39,39,39,39,39,39,50,0,18.6,13.7,6.6,10.1,64,7,31,5.6,10.9,65.8,77.2,71.8,62.1,35.8,69.7,69,54.9,85.6,15.8,9.3,21.8,28.2,0.2,23.5,0,39.9,3.6,2395.7,24,40,39,39,77,116,384,1,84.6,84.1,66.8,65,70.1,68.2,73.8,67.4,83,66.2,74.7,62.8,64.4,72.8,1.371,1.09,0.65,16.458,3.818,16.477,136.031,0.207,31.265,2.705,2.517,2.033,1.975,5.302,1.893,3.988,1.478,2.452,22.571,4.161,26.866,31.171,0,0,1597.1,2395.7,4897.4,4939.4,6.2,23.5,97.2,39.1,38.4,39,88.5,0,0,_,_,_,1.53,0.514,1.5,84.1,5280,5640,51,1.11,1.11,1.8,1.8,1.005,5.11,_,_,_,49,49,46,100,100,_,_,5162,3145,0,1.1,1.1,0,0.075,7107,794,65,2400,0,16,0,58.6,68,64.4,87,0.625,20.174,20.184,20.165,31.35,13.124,14.152,11.343,25.569,6.201,17.53,4.583,12.488,1170,1750.2,1095,1118.3,1155,40,12,0,0,35.1,5.5,38.8,0,0,0,0,0,0,O,O,O,_,_,_,_,0,0,0,0,0,0,0,0,0,0,0,0,0,0,0,0,0,0,0,7976,4306,4030,360,16,16.962,62.014,85,0,4,60,55,32,16.6,60,62.4,56.7,59.9,16.67,17.64,16.02,6.56,10.11,16.42,0.25,13,3,0,0.5,0
17.8.2025,26:25.7,16714,17296,49.1,9392,22570,29.3,0,1.366,1.37,1.37,1.37,1.37,1.37,1.36,1.36,1.36,4024,3873,3873,3873,4841.3,3873,3952.9,3952.9,3952.9,99.8,491.7,580.7,153.1,231.7,163.4,358,200.3,2675.1,510.4,126.8,118.5,1267.8,249.9,176.1,86,631,337.9,491.7,10.9,11.3,4.3,5.7,4,8.4,5.1,55.5,11,3.4,3.2,27.6,5.8,4.6,2.5,14.6,8,55.5,10.9,11.8,10.8,4.2,5.5,3.9,8.4,4.6,66.2,12.4,2.9,2.8,31.2,5.8,4.2,2,15.9,8.1,11.8,40.3,38.8,38.8,38.8,48.5,38.8,39.6,39.6,39.6,0,18.4,12.3,8,8.9,62.2,4.7,28.4,5.3,17.5,64.9,79.3,61.1,68.8,37.7,62.6,71.6,57.2,80.7,16.9,8.5,31.1,22.7,0.1,32.9,0,37.8,1.9,2395.7,24,40,39,39,77,116,384,1,84.8,83.6,66.7,64.9,69.9,68.1,73.6,67.2,82.7,65.6,74.1,62.8,65.2,72.8,1.372,1.09,0.65,16.359,3.817,16.335,136.032,0.207,31.151,2.687,2.518,1.954,2.033,5.315,1.611,3.607,1.478,2.979,22.458,4.161,26.753,31.171,0,0,1597.1,2395.7,4902.3,4942.8,6.2,23.3,97.2,38.9,38.6,39,88,0,0,_,_,_,1.517,0.518,1.5,84.1,5280,5640,51,1.11,1.11,1.8,1.8,1.005,5.11,_,_,_,49,49,46,100,100,_,_,5162,3145,0,1,1,0,0.018,7107,794,64.9,2400,0,16,0,59,68,64.5,87,0.635,20.181,20.19,20.172,31.489,12.951,14.079,11.084,25.235,6.201,17.275,4.675,12.11,1200,1750.2,1125,1197.5,1200,36,11,0,0,35.1,5.6,39.4,0,0,0,0,0,0,O,O,O,_,_,_,_,0,0,0,0,0,0,0,0,0,0,0,0,0,0,0,0,0,0,0,7976,4306,4030,360,16,16.963,62.014,85,0,4,60,55,32,17.2,60,63.2,57.5,60,16.67,17.4,15.82,6.78,9.88,16.42,0.25,13,3,0,1,0
17.8.2025,26:27.7,16719,17291,49.1,9397,22565,29.4,0,1.363,1.36,1.365,1.365,1.365,1.365,1.365,1.36,1.36,3910.4,3873,3932.9,3932.9,3932.9,3932.9,3932.9,3873,3873,99.8,495.2,610,243.4,189,93.1,264,366.9,722.7,2114.2,139.4,131.3,721.9,956.5,159.9,225.1,414.7,570.5,495.2,10.2,9.5,4.9,4.1,1.8,5.7,7.8,15.4,43.6,2.9,2.7,15.4,19.3,3.3,4.6,9.1,12.3,43.6,10.2,11.7,9.8,5.9,4.5,2.1,6.1,8.8,17.9,52.5,3.2,3.1,17.5,22.9,3.8,5.5,9.9,13.9,11.7,39.2,38.8,39.4,39.4,39.4,39.4,39.4,38.8,38.8,0,18.3,12.7,5.5,10.4,55.8,5.3,31.1,7.8,17.5,65.4,78.9,68.7,63,44.2,66.9,68.8,53,79.7,16.5,8.5,26,27.1,0.1,28.1,0,39.6,2.9,2395.7,24,40,39,39,77,116,384,1,84.1,82.8,66.6,64.8,69.8,68,73,67.3,81.6,65.7,74.5,62.9,65.2,72.6,1.372,1.09,0.65,16.344,3.812,16.339,136.194,0.206,31.13,2.678,2.447,1.894,2.084,4.95,1.711,3.859,1.544,2.936,22.444,4.155,26.733,31.171,0,0,1597.1,2395.7,4903.6,4944.7,6.2,23.3,97.3,38.9,38.7,39,87.1,0,0,_,_,_,1.51,0.499,1.5,84.1,5280,5580,51,1.095,1.11,1.8,1.8,1.005,5.11,_,_,_,49,49,46,100,100,_,_,5162,3145,0.5,0.6,1.1,0.032,0.064,7107,794,64.8,2400,0,16,0,58.5,68,64.5,87,0.625,20.173,20.182,20.165,31.008,12.86,13.404,11.06,24.52,6.201,17.239,4.56,13.036,1170,1750.2,1095,1143.7,1155,36,11,0,0,35.1,5.4,37.9,0,0,0,0,0,0,O,O,O,_,_,_,_,0,0,0,0,0,0,0,0,0,0,0,0,0,0,0,0,0,0,0,7976,4306,4030,360,16,16.962,62.014,85,0,4,60,55,32,16.5,60,63,57.4,60,16.67,17.41,15.88,6.53,10.14,16.42,0.25,13,3,0,0,0
17.8.2025,26:29.7,16713,17297,49.1,9392,22570,29.3,0,1.381,1.38,1.38,1.38,1.38,1.38,1.38,1.385,1.385,4136.3,4866.2,3893,3893,3893,3893,4866.2,3893,3893,99.8,495.3,635.1,234.4,167.9,79.7,207.9,341.8,451.9,2445.8,116.9,149.6,741.1,1257.4,145.8,116.8,381.5,451.4,495.3,10.8,10.7,5.4,4.2,2.2,5.1,8,10,51,3.2,3.8,16.3,27,3.8,3,9.1,10.3,51,10.8,11.8,10.5,5.7,3.9,1.8,4.7,8.2,10.8,60.9,2.7,3.5,18,31.5,3.4,2.7,9.1,10.8,11.8,41.4,48.8,39,39,39,39,48.8,39,39,0,18.4,13.3,4.9,8.6,56.7,5.3,38.8,5.2,14.6,64.7,79.4,59.1,68.3,43.1,62.8,61.2,60.7,82.7,17.1,7.4,36.3,23.5,0.1,32.1,0,34.4,2.7,2395.7,24,40,39,39,77,116,384,1,84.5,83.4,66.3,64.6,69.9,68.1,72.7,67.3,82.1,65.7,75.4,62.9,65,72.6,1.371,1.09,0.65,16.212,3.811,16.316,135.972,0.205,30.925,2.661,2.465,1.641,2.04,5.236,1.63,4.073,1.531,2.669,22.24,4.153,26.527,31.171,0,0,1597.1,2395.7,4903.7,4939,6.2,23.3,97.1,38.7,38.8,39,87.8,0,0,_,_,_,1.509,0.512,1.5,84.1,5280,5640,51,1.095,1.11,1.8,1.8,1.005,5.11,_,_,_,49,49,46,100,100,_,_,5162,3145,0,1,1,0,0.03,7107,795,64.6,2400,0,16,0,58.7,68,64.4,87,0.62,20.181,20.189,20.172,31.188,16.599,13.723,11.286,25.074,6.201,17.476,32.332,10.098,1140,1750.2,1065,1147.8,1125,40,12,0,0,35.1,5.2,36.6,0,0,0,0,0,0,O,O,O,_,_,_,_,0,0,0,0,0,0,0,0,0,0,0,0,0,0,0,0,0,0,0,7976,4306,4030,360,16,16.963,62.014,85,0,4,60,55,32,16.5,60,62.5,57.6,59.9,16.67,17.35,15.99,6.38,10.29,16.42,0.25,13,3,0,0,0
17.8.2025,26:31.7,16713,17297,49.1,9392,22571,29.3,0,1.36,1.36,1.36,1.36,1.36,1.36,1.36,1.36,1.36,4055.8,3932.9,3932.9,3932.9,4916.1,3932.9,3932.9,3932.9,3932.9,99.8,492.8,652.3,166.7,201.4,88.9,345.2,297.6,776.5,1421.5,153.1,125.8,1534.7,813.2,131.2,147.8,437.3,592.3,492.8,10.4,12.1,3.5,4.5,1.9,7.6,6.6,16.7,29.5,3.5,2.9,32.2,17.2,3,3.2,9.8,12.8,32.2,10.4,11.8,12.7,4,4.8,2,8.2,7.1,18.9,35.2,3.6,3,38,20.2,3.1,3.5,10.5,14.4,11.8,40.6,39.4,39.4,39.4,49.2,39.4,39.4,39.4,39.4,0,18.5,13.8,5.8,10.5,42.5,5.6,45.7,5.5,18.5,64.5,76.3,64.7,60.6,57.2,62.9,54.3,61.6,78.5,17.2,10.1,29.7,29.3,0.3,31.7,0,33.2,3.1,2395.7,24,40,39,39,77,116,384,1,83.4,81.8,66.2,64.4,69.6,68,72.2,67.2,79.6,65.6,76,62.9,65.5,72.5,1.371,1.09,0.65,16.3,3.808,16.204,135.865,0.206,31.048,2.668,2.448,1.806,2.043,4.344,1.652,4.472,1.567,3.015,22.366,4.151,26.651,31.167,0,0,1597.1,2395.7,4897.6,4948.7,6.2,23.1,97,38.8,38.7,39,86.1,0,0,_,_,_,1.529,0.519,1.5,82.1,5280,5640,51,1.095,1.11,1.815,1.8,1.005,5.11,_,_,_,49,49,46,100,100,_,_,5162,3145,0,0.4,0.4,0,0.01,7107,795,64.4,2400,0,16,0,58.6,68,64.5,87,0.62,20.174,20.183,20.165,30.824,16.792,13.481,11.141,24.682,6.201,17.326,32.874,11.837,1110,1750.2,1035,1153.3,1095,37,11,0,0,35.1,5.4,37.9,0,0,0,0,0,0,O,O,O,_,_,_,_,0,0,0,0,0,0,0,0,0,0,0,0,0,0,0,0,0,0,0,7976,4306,4030,360,16,16.963,62.014,85,0,4,60,55,32,16.8,60,62.6,57.6,60,16.67,17.36,15.97,6.73,9.93,16.42,0.25,13,3,0,0,0
17.8.2025,26:33.7,16714,17296,49.1,9392,22571,29.3,0,1.379,1.385,1.385,1.385,1.385,1.385,1.37,1.37,1.37,3703.9,3344,3344,3344,3344,3344,4966,3972.8,3972.8,99.8,485.4,441.5,86.3,215.8,114.7,402.1,204.2,1106.8,558.4,140.6,134.4,2898.5,281.3,129.8,166.6,623.3,261.6,485.4,10.8,9.8,2.5,5.4,2.3,9.3,5.2,24.4,12.3,3.8,3.6,60.2,6.2,3.5,4.2,14.3,6.5,60.2,10.8,11.7,9.2,2,5.1,2.7,9.6,4.7,27.2,13.6,3.3,3.1,72,6.7,3,4,15.2,6.1,11.7,37.1,33.5,33.5,33.5,33.5,33.5,49.8,39.8,39.8,0,18.4,9.3,6.6,9.9,31.7,5.5,62.1,6.1,15.7,65.1,83,67.9,63.5,68,67.8,37.9,50,83,16.7,7.9,25.6,27,0.3,27,0,44.2,1.3,2395.7,24,40,39,39,77,116,384,1,83.2,81.6,66.2,64.4,69.6,67.5,72.2,67.1,78.7,65.6,77.9,62.6,65.2,72.4,1.369,1.09,0.65,16.098,3.817,16.207,135.692,0.207,30.747,2.628,2.26,1.926,1.972,4.056,1.737,5.012,1.359,2.7,22.059,4.16,26.353,31.166,0,0,1597.1,2395.7,4902.2,4943,6.2,23.2,96.9,38.4,38.7,39,85.9,0,0,_,_,_,1.475,0.5,1.5,82.1,5280,5640,51,1.095,1.11,1.815,1.8,1.005,5.11,_,_,_,49,49,46,100,100,_,_,5162,3145,0,1,1,0,0.024,7107,795,64.4,2400,0,16,0,58.5,68,64.4,87,0.62,20.169,20.176,20.163,30.871,12.168,14.334,11.561,25.949,6.201,17.747,1.944,7.44,1125,1750.2,1065,1102,1125,41,12,0,0,35.1,5.7,39.7,0,0,0,0,0,0,O,O,O,_,_,_,_,0,0,0,0,0,0,0,0,0,0,0,0,0,0,0,0,0,0,0,7976,4306,4030,360,16,16.963,62.014,85,0,4,60,55,32,16.4,60,62.2,57.5,60,16.66,17.39,16.07,6.55,10.11,16.41,0.25,13,3,0,0,0
17.8.2025,26:35.7,16714,17296,49.1,9391,22571,29.3,0,1.368,1.365,1.365,1.365,1.365,1.37,1.37,1.37,1.37,4057.1,3972.8,3972.8,3972.8,4966,3893,3893,3893,3893,99.8,486.9,559.9,116.6,219.7,85.5,375.5,278.3,1205.8,487.3,155,158.6,2293.5,477.8,145,147,607,477.5,486.9,10.4,11.2,2.5,4.9,2,8.2,6.3,26.1,10,3.5,3.6,48.2,9.8,3.2,2.5,13.2,10.4,48.2,10.4,11.7,11.4,2.8,5.3,2,8.9,6.6,29.7,11.5,3.6,3.7,57.5,11.6,3.4,3.5,14.7,11.5,11.7,40.6,39.8,39.8,39.8,49.8,39,39,39,39,0,18.4,11.9,6.3,10.7,31.9,6.2,54.5,5.9,19.7,64.5,77.6,53.7,65.2,67.8,76.2,45.5,52.3,77.8,17.3,10.6,40.3,24.4,0.3,17.7,0,42.1,2.6,2395.7,24,40,39,39,77,116,384,1,82.5,80.8,65.8,64,69.5,67.8,71.4,67.4,78,66,76.8,62.7,65.6,72.3,1.371,1.09,0.65,16.182,3.807,16.134,135.925,0.207,30.885,2.642,2.363,1.612,2.086,3.991,1.932,4.721,1.442,2.988,22.206,4.15,26.49,31.162,0,0,1597.1,2395.7,4904,4947.9,6.3,23,97.1,38.6,38.6,39,85,0,0,_,_,_,1.495,0.503,1.5,82.1,5280,5580,51,1.095,1.11,1.815,1.8,1.005,5.11,_,_,_,49,49,46,100,100,_,_,5162,3145,0,0.5,0.5,0,0.012,7107,795,64,2400,0,16,0,58.6,68,64.5,87,0.635,20.179,20.187,20.172,31.7,18.103,14.589,11.325,25.981,6.201,17.514,40.622,10.49,1215,1750.2,1125,1156.8,1200,39,12,0,0,35.1,5.7,39.6,0,0,0,0,0,0,O,O,O,_,_,_,_,0,0,0,0,0,0,0,0,0,0,0,0,0,0,0,0,0,0,0,7976,4306,4030,360,16,16.963,62.014,85,0,4,60,55,32,16.4,60,62.6,57.8,59.9,16.67,17.29,15.99,6.78,9.89,16.42,0.25,13,3,0,0,0
17.8.2025,26:37.7,16716,17294,49.1,9391,22572,29.3,0,1.364,1.365,1.365,1.365,1.365,1.365,1.365,1.36,1.36,4019,3873,3873,3873,3873,3873,4841.3,3972.8,3972.8,99.8,491.4,527.7,176.9,159.4,82,223.3,353.2,492.5,983.5,132.3,161.2,453.6,2819.3,162.2,174.8,342.2,618.6,491.4,10.6,9.9,3.9,3.7,2.6,5.2,7.9,11.3,21,3.1,3.7,9.4,58.2,3.7,4.6,7.8,13.5,58.2,10.6,11.8,9.5,4.3,3.7,1.9,5.1,8.5,11.8,24.6,3.1,3.8,10.9,70,3.8,4.2,8.2,15,11.8,40.3,38.8,38.8,38.8,38.8,38.8,48.5,39.8,39.8,0,18.4,11.5,4.9,9.2,28.1,5.9,63.9,6.9,17,64.8,77.3,60.4,65.9,71.8,68.5,36,56.5,81.9,16.9,11.3,35,25.2,0.1,25.8,0,36.9,1.2,2395.7,24,40,39,39,77,116,384,1,82.5,81.4,65.9,64.1,69.6,67.8,71.4,67.2,78.1,65.9,78.3,63,65.5,72.4,1.371,1.09,0.65,16.245,3.826,16.249,135.812,0.208,30.99,2.664,2.435,1.653,1.991,3.876,1.806,5.227,1.546,2.778,22.289,4.17,26.594,31.16,0,0,1597.1,2395.7,4905.4,4947.4,6.3,23.2,97,38.7,38.6,39,85.7,0,0,_,_,_,1.532,0.501,1.5,82.1,5280,5640,51,1.095,1.11,1.815,1.8,1.005,5.11,_,_,_,49,49,46,100,100,_,_,5162,3145,0,1.5,1.5,0,0.065,7107,795,64.1,2400,0,16,0,58.8,68,64.5,87,0.625,20.186,20.195,20.178,31.697,14.873,13.534,11.127,24.738,6.201,17.317,20.897,10.297,1170,1750.2,1095,1210.6,1155,37,12,0,0,35.1,5.3,36.9,0,0,0,0,0,0,O,O,O,_,_,_,_,0,0,0,0,0,0,0,0,0,0,0,0,0,0,0,0,0,0,0,7976,4306,4030,360,16,16.961,62.014,85,0,4,60,55,32,16.1,60,62.5,57.6,60,16.67,17.37,16,6.7,9.96,16.42,0.25,13,3,0,0,0
17.8.2025,26:39.7,16716,17294,49.1,9391,22571,29.3,0,1.361,1.365,1.36,1.36,1.36,1.36,1.36,1.36,1.36,4146.3,3972.8,3893,3893,3893,3893,4866.2,3893,4866.2,99.8,496.5,649,282.5,291.2,85.5,264.8,379,625,896.2,122.1,166.4,628.4,2604.4,114.1,194.5,269.9,371.4,496.5,10.3,9.9,6,6.4,1.8,5.9,8.3,13.8,18.8,2.7,3.8,13,53.9,2.5,4.1,6.2,8.1,53.9,10.3,11.7,9.9,6.9,7,2,6.2,9.1,15.1,22.1,2.8,3.9,15.3,65,2.6,4.6,6.3,8.8,11.7,41.5,39.8,39,39,39,39,48.8,39,48.8,0,18.3,13.8,7.7,10.6,28.3,5.8,63.6,6.1,10.4,63.6,76.5,59.7,60.7,71.6,61.2,36.4,55.6,86.6,18.3,9.8,32.8,29.1,0.1,33.2,0,38.6,3.1,2394.8,23.99,40,39,39,77,116,384,1,82.6,81.6,66.1,64.2,69.6,68.1,71.9,67.4,78,65.6,78.1,62.8,64.8,72.4,1.373,1.09,0.65,16.162,3.803,16.146,136.025,0.208,30.872,2.636,2.502,1.816,2.099,3.811,1.643,5.141,1.499,2.578,22.197,4.144,26.476,31.158,0,0,1596.5,2394.5,4905,4949.5,6.2,23.1,97.2,38.6,38.6,38.9,85.9,0,0,_,_,_,1.495,0.491,1.5,82.1,5280,5580,51,1.11,1.11,1.815,1.8,1.005,5.11,_,_,_,49,49,47,100,100,_,_,5162,3145,0,1,1,0,0.016,7107,795,64.2,2399.2,0,16,0,58.9,68,64.5,87,0.62,20.177,20.186,20.167,31.359,15.727,13.97,11.425,25.471,6.201,17.616,25.011,10.392,1125,1750.2,1065,1146.1,1125,39,12,0,0,35.1,5.6,39.1,0,0,0,0,0,0,O,O,O,_,_,_,_,0,0,0,0,0,0,0,0,0,0,0,0,0,0,0,0,0,0,0,7976,4306,4030,360,16,16.963,62.014,85,0,4,60,55,32,16.1,60,62.4,57.9,60,16.67,17.28,16.02,6.5,10.16,16.42,0.25,13,3,0,0,0
17.8.2025,26:41.7,16715,17295,49.1,9390,22572,29.3,0,1.362,1.365,1.365,1.365,1.36,1.36,1.36,1.36,1.36,4006.5,3972.8,3873,3873,4841.3,3873,3873,3873,3873,99.8,488.8,656.9,163.3,133.7,94.5,366.7,289,1841.6,459.9,139.2,135,1203.7,1267.1,185.9,95.6,441.3,346.6,488.8,10.9,13,4.2,3.7,2.7,8.6,7.1,38.9,10.3,3.8,3.8,25.9,26.9,4.7,2.8,10.4,8.4,38.9,10.9,11.7,12.9,3.9,3.1,2.2,8.7,6.9,45.3,11.2,3.3,3.2,29.8,31.5,4.4,2.2,10.7,8.3,11.7,40.1,39.8,38.8,38.8,48.5,38.8,38.8,38.8,38.8,0,18.3,14,4.4,10.8,44.4,5.6,48.1,5.7,13.6,64.6,75.5,64.1,66.8,55.4,63.3,51.9,57.3,82.5,17.3,10.7,31.7,22.8,0.2,31.4,0,37.3,4,2395.7,24,40,39,39,77,116,384,1,83.5,82.3,66.1,64.3,69.7,68.1,72.1,67.4,80.1,65.7,76.5,62.8,64.9,72.5,1.372,1.09,0.65,16.189,3.809,16.204,136.051,0.209,30.904,2.65,2.461,1.729,2.114,4.506,1.657,4.637,1.497,2.601,22.219,4.152,26.506,31.155,0,0,1597.1,2395.7,4904.3,4943.4,6.2,23.1,97.2,38.6,38.6,38.9,86.6,0,0,_,_,_,1.52,0.5,1.5,83.1,5280,5580,51,1.11,1.11,1.815,1.8,1.005,5.11,_,_,_,49,49,47,100,100,_,_,5162,3145,0,1,1,0,0.022,7107,795,64.3,2400,0,16,0,58.5,68,64.5,87,0.625,20.179,20.186,20.172,31.715,16.907,14.293,11.344,25.699,6.201,17.526,32.824,10.46,1185,1750.2,1095,1166.6,1155,40,12,0,0,35.1,5.5,38.7,0,0,0,0,0,0,O,O,O,_,_,_,_,0,0,0,0,0,0,0,0,0,0,0,0,0,0,0,0,0,0,0,7976,4306,4030,360,16,16.962,62.014,85,0,4,60,55,32,16.8,60,63.1,57.5,60,16.67,17.38,15.86,6.76,9.91,16.41,0.25,13,3,0,0,0
17.8.2025,26:43.7,16715,17296,49.1,9391,22571,29.3,0,1.37,1.37,1.37,1.37,1.37,1.37,1.37,1.37,1.37,4035.2,3912.9,3912.9,3912.9,3912.9,3912.9,3912.9,4891.2,3912.9,99.8,477,569.7,147.9,275.6,67.2,320.8,246.6,2173,746.1,119.9,136.6,1170.5,294.9,278,122.6,691.5,271.6,477,9.9,10.9,3.1,6,0.7,7,5.4,45.3,15.3,2.7,3.1,24.8,6.3,5.6,1.9,14.7,6,45.3,9.9,11.4,11.1,3.5,6.7,1.5,7.6,5.7,54.4,18.2,2.8,3.1,28.7,7,6.3,2.8,16.9,6.4,11.4,40.4,39.2,39.2,39.2,39.2,39.2,39.2,49,39.2,0,17.9,12.2,7,9.3,57.4,5,27.5,7.5,17.3,61.9,71.8,51.4,62.6,42.4,64.5,72.5,55.5,74.9,20.4,16.3,41.9,28.5,0.3,30.7,0,37.3,8,2395.7,24,40,39,39,77,116,384,1,83.8,82.6,66,64.3,69.3,67.5,72.4,67,81.5,65.5,73.3,62.9,64.6,72.3,1.372,1.09,0.65,15.703,3.794,15.756,136.204,0.207,30.215,2.566,2.322,1.621,1.977,5.237,1.664,3.509,1.601,2.6,21.562,4.135,25.832,31.15,0,0,1597.1,2395.7,4904.1,4943,6.2,22.5,97.3,37.8,38.5,38.9,87,0,0,_,_,_,1.247,0.407,1.4,83.1,5280,5640,51,1.11,1.11,1.8,1.8,1.005,5.11,_,_,_,49,49,46,100,100,_,_,5162,3145,0,0.9,0.9,0,0.053,7107,795,64.3,2400,0,16,0,58.7,68,64.5,87,0.62,20.187,20.196,20.179,30.868,15.228,13.218,11.249,24.518,6.201,17.428,24.137,9.848,1110,1750.2,1035,1180,1095,37,12,0,0,35.1,5.3,37,0,0,0,0,0,0,O,O,O,_,_,_,_,0,0,0,0,0,0,0,0,0,0,0,0,0,0,0,0,0,0,0,7976,4306,4030,360,16,16.963,62.014,85,0,4,60,55,32,16.3,60,61.7,58.4,60,16.67,17.11,16.22,6.59,10.07,16.42,0.24,13,3,0,0,0
17.8.2025,26:45.7,16713,17297,49.1,9390,22572,29.3,0,1.364,1.37,1.365,1.365,1.365,1.365,1.36,1.36,1.36,4152.5,3873,3972.8,3972.8,3972.8,4841.3,4841.3,3873,3873,99.8,476.6,618.2,226.7,178,122.4,322.9,197.5,1708,1175.3,113.7,121.6,1160.2,724,173.7,168.4,430.9,183.3,476.6,9.8,10.1,4.6,3.7,3.1,6.8,4.1,35.3,24,2.3,2.5,24.2,14.9,3.8,4.1,9.1,3.9,35.3,9.8,11.3,10.4,5.5,4.2,2.9,7.6,4.5,42.4,29.1,2.6,2.8,28.5,17.8,4.5,4,10.3,4.2,11.3,41.6,38.8,39.8,39.8,39.8,48.5,48.5,38.8,38.8,0,17.7,13.3,5.9,8.3,56.5,4.6,35.8,7.1,10.1,63.3,71.2,69.1,57.4,43,62.6,64.2,56.7,82.3,19.2,15.8,25.2,34.8,0.5,33.1,0,36.4,7.7,2395.7,24,40,39,39,77,116,384,1,84.6,83.1,66.3,64.6,69.5,67.5,73,66.6,81.6,65.3,74.7,62.9,64.1,72.3,1.373,1.09,0.65,15.864,3.772,15.816,136.163,0.206,30.417,2.581,2.327,2.009,1.822,4.932,1.59,4.092,1.56,2.317,21.79,4.111,26.035,31.14,0,0,1597.1,2395.7,4907.6,4943.8,6.2,22.6,97.3,38,38.3,38.9,87.4,0,0,_,_,_,1.22,0.408,1.4,83.1,5280,5580,51,1.11,1.11,1.8,1.8,1.005,5.11,_,_,_,49,49,46,100,100,_,_,5162,3145,0,1,1,0,0.22,7107,795,64.6,2400,0,16,0,58.5,68,64.6,87,0.62,20.178,20.192,20.164,30.996,12.58,15.471,11.873,27.423,6.201,18.04,9.055,0,1140,1750.2,1065,1099,1125,40,12,0,0,35.1,5.5,38.7,0,0,0,0,0,0,O,O,O,_,_,_,_,0,0,0,0,0,0,0,0,0,0,0,0,0,0,0,0,0,0,0,7976,4306,4030,360,16,16.963,62.014,85,0,4,60,55,32,16.6,60,62.7,57.6,60,16.67,17.35,15.96,6.51,10.16,16.42,0.25,13,3,0,0,0
Date,Time,提交虛擬記憶體 [MB],可用虛擬記憶體 [MB],虛擬記憶體使用率 [%],已用物理記憶體 [MB],可用物理記憶體 [MB],物理記憶體使用率 [%],分頁檔使用率 [%],Core VIDs (avg) [V],Core 0 VID [V],Core 1 VID [V],Core 2 VID [V],Core 3 VID [V],Core 4 VID [V],Core 5 VID [V],Core 6 VID [V],Core 7 VID [V],核心頻率 (avg) [MHz],Core 0 頻率 (perf #4) [MHz],Core 1 頻率 (perf #6) [MHz],Core 2 頻率 (perf #3) [MHz],Core 3 頻率 (perf #1) [MHz],Core 4 頻率 (perf #7) [MHz],Core 5 頻率 (perf #1) [MHz],Core 6 頻率 (perf #5) [MHz],Core 7 頻率 (perf #2) [MHz],匯流排頻率 [MHz],核心有效頻率 (avg) [MHz],Core 0 T0 有效頻率 [MHz],Core 0 T1 有效頻率 [MHz],Core 1 T0 有效頻率 [MHz],Core 1 T1 有效頻率 [MHz],Core 2 T0 有效頻率 [MHz],Core 2 T1 有效頻率 [MHz],Core 3 T0 有效頻率 [MHz],Core 3 T1 有效頻率 [MHz],Core 4 T0 有效頻率 [MHz],Core 4 T1 有效頻率 [MHz],Core 5 T0 有效頻率 [MHz],Core 5 T1 有效頻率 [MHz],Core 6 T0 有效頻率 [MHz],Core 6 T1 有效頻率 [MHz],Core 7 T0 有效頻率 [MHz],Core 7 T1 有效頻率 [MHz],平均有效頻率 [MHz],核心使用率 (avg) [%],Core 0 T0 使用率 [%],Core 0 T1 使用率 [%],Core 1 T0 使用率 [%],Core 1 T1 使用率 [%],Core 2 T0 使用率 [%],Core 2 T1 使用率 [%],Core 3 T0 使用率 [%],Core 3 T1 使用率 [%],Core 4 T0 使用率 [%],Core 4 T1 使用率 [%],Core 5 T0 使用率 [%],Core 5 T1 使用率 [%],Core 6 T0 使用率 [%],Core 6 T1 使用率 [%],Core 7 T0 使用率 [%],Core 7 T1 使用率 [%],最大CPU/執行緒使用率 [%],CPU 總使用率 [%],核心使用率 (avg) [%],Core 0 T0 使用率 [%],Core 0 T1 使用率 [%],Core 1 T0 使用率 [%],Core 1 T1 使用率 [%],Core 2 T0 使用率 [%],Core 2 T1 使用率 [%],Core 3 T0 使用率 [%],Core 3 T1 使用率 [%],Core 4 T0 使用率 [%],Core 4 T1 使用率 [%],Core 5 T0 使用率 [%],Core 5 T1 使用率 [%],Core 6 T0 使用率 [%],Core 6 T1 使用率 [%],Core 7 T0 使用率 [%],Core 7 T1 使用率 [%],CPU 總使用率 [%],核心倍頻 (avg) [x],Core 0 倍頻 [x],Core 1 倍頻 [x],Core 2 倍頻 [x],Core 3 倍頻 [x],Core 4 倍頻 [x],Core 5 倍頻 [x],Core 6 倍頻 [x],Core 7 倍頻 [x],Package C6 駐留率 [%],Core C0 駐留率 (avg) [%],Core 0 C0 駐留率 [%],Core 1 C0 駐留率 [%],Core 2 C0 駐留率 [%],Core 3 C0 駐留率 [%],Core 4 C0 駐留率 [%],Core 5 C0 駐留率 [%],Core 6 C0 駐留率 [%],Core 7 C0 駐留率 [%],Core C1 駐留率 (avg) [%],Core 0 C1 駐留率 [%],Core 1 C1 駐留率 [%],Core 2 C1 駐留率 [%],Core 3 C1 駐留率 [%],Core 4 C1 駐留率 [%],Core 5 C1 駐留率 [%],Core 6 C1 駐留率 [%],Core 7 C1 駐留率 [%],Core C6 駐留率 (avg) [%],Core 0 C6 駐留率 [%],Core 1 C6 駐留率 [%],Core 2 C6 駐留率 [%],Core 3 C6 駐留率 [%],Core 4 C6 駐留率 [%],Core 5 C6 駐留率 [%],Core 6 C6 駐留率 [%],Core 7 C6 駐留率 [%],記憶體頻率 [MHz],記憶體倍頻 [x],Tcas [T],Trcd [T],Trp [T],Tras [T],Trc [T],Trfc [T],Command Rate [T],CPU (Tctl/Tdie) [℃],CPU 核心 [℃],CPU SOC [℃],APU GFX [℃],核心溫度 (avg) [℃],Core0 [℃],Core1 [℃],Core2 [℃],Core3 [℃],Core4 [℃],Core5 [℃],Core6 [℃],Core7 [℃],L3 快取 [℃],CPU VDDCR_VDD 電壓 (SVI3 TFN) [V],CPU VDDCR_SOC 電壓 (SVI3 TFN) [V],CPU VDDCR_SR 電壓 (SVI3 TFN) [V],CPU 核心電流 (SVI3 TFN) [A],SoC 電流 (SVI3 TFN) [A],CPU TDC [A],CPU EDC [A],SR 電流 (SVI3 TFN) [A],CPU 封裝功率 [W],核心功率 (avg) [W],Core 0 功率 [W],Core 1 功率 [W],Core 2 功率 [W],Core 3 功率 [W],Core 4 功率 [W],Core 5 功率 [W],Core 6 功率 [W],Core 7 功率 [W],CPU 核心功率 (SVI3 TFN) [W],CPU SoC 功率 (SVI3 TFN) [W],Core+SoC+SR 功率 (SVI3 TFN) [W],APU STAPM [W],NPU 功率 [W],系統總功率 [W],Infinity Fabric 頻率 (FCLK) [MHz],記憶體控制器頻率 (UCLK) [MHz],L3 快取 [MHz],頻率限制 - 全局 [MHz],NPU 頻率 [MHz],CPU TDC 限制 [%],CPU EDC 限制 [%],CPU PPT FAST Limit [%],CPU PPT SLOW Limit [%],APU STAPM Limit [%],Thermal Limit [%],Energy Performance Preference [%],NPU 使用率 [%],過熱降頻 (HTC) [Yes/No],過熱降頻 (PROCHOT CPU) [Yes/No],過熱降頻 (PROCHOT EXT) [Yes/No],DRAM 讀取頻寬 [GB/s],DRAM 寫入頻寬 [GB/s],活動核心的平均數 [],TZ.TZ01 [℃],CPU [RPM],GPU [RPM],SPD Hub 溫度 [℃],VDD (SWA) 電壓 [V],VDDQ (SWB) 電壓 [V],VPP (SWC) 電壓 [V],1.8V VOUT 電壓 [V],1.0V VOUT 電壓 [V],VIN 電壓 [V],PMIC 高溫 [Yes/No],PMIC 過壓 [Yes/No],PMIC 欠壓 [Yes/No],磁碟溫度 [℃],磁碟溫度 2 [℃],磁碟溫度 3 [℃],磁碟剩餘壽命 [%],磁碟可用備用 [%],磁碟故障 [Yes/No],磁碟警告 [Yes/No],主機寫入總計 [GB],主機讀取總計 [GB],讀取活動率 [%],寫入活動率 [%],總活動率 [%],讀取速率 [MB/s],寫入速率 [MB/s],讀取總計 [MB],寫入總計 [MB],GPU 溫度 [℃],顯示記憶體頻率 [MHz],GPU 使用率 [%],PCIe 連結速度 [GT/s],影格率 [FPS],GPU 溫度 [℃],顯示記憶體接面溫度 [℃],GPU 熱點溫度 [℃],GPU 過熱限制 [℃],GPU 核心電壓 [V],GPU 線路電壓 (avg) [V],GPU FBVDD 輸入電壓 [V],GPU 12VHPWR 電壓 [V],GPU 功率 [W],GPU 線路功率 (avg) [W],GPU Core (NVVDD) 輸入功率 (總和) [W],GPU FBVDD 輸入功率 [W],GPU 12VHPWR 功率 [W],GPU PCIe +3.3V 輸入功率 (估計) [W],GPU 輸入 PP 源 功率 (總和) [W],GPU Core (NVVDD) 輸出功率 [W],GPU Core (NVVDD) 輸出功率 [W],GPU 頻率 [MHz],顯示記憶體頻率 [MHz],GPU 視訊頻率 [MHz],GPU 有效頻率 [MHz],GPU Crossbar 頻率 [MHz],GPU 核心使用率 [%],顯示記憶體控制器使用率 [%],GPU 視訊引擎使用率 [%],GPU 匯流排使用率 [%],顯示記憶體使用 [%],GPU D3D 使用率 (avg) [%],GPU D3D 使用率 [%],GPU Video Decode 0 使用率 [%],GPU Video Encode 0 使用率 [%],GPU Video Encode 1 使用率 [%],GPU Video Encode 2 使用率 [%],GPU Video Encode 3 使用率 [%],GPU VR 使用率 [%],GPU 效能限制 (avg) [Yes/No],效能限制 - 功率 [Yes/No],效能限制 - 過熱 [Yes/No],效能限制 - 可靠性電壓 [Yes/No],效能限制 - 最大作業電壓 [Yes/No],效能限制 - 使用率 [Yes/No],效能限制 - SLI GPUBoost Sync [Yes/No],PCI Express Error Counters (avg) [],Receiver Errors [],Replay Count [],Replay Pollover Count [],Bad DLLP Count [],Bad TLP Count [],8B10B Error Count [],Sync Header Error Count [],LCRC Error Count [],Failed L0s Exit Count [],NAKs Sent Count [],NAKs Received Count [],Lane Errors [],Recovery Count [],Total Correctable Error Count [],Correctable Error Count [],Non-Fatal Error Count [],Fatal Error Count [],Unsupported Request Count [],可用顯示記憶體 [MB],分配顯示記憶體 [MB],GPU D3D 專用顯示記憶體 [MB],GPU D3D 共用顯示記憶體 [MB],PCIe 連結速度 [GT/s],電池電壓 [V],剩餘容量 [Wh],電池電量 [%],充電速率 [W],損耗程度 [%],影格率 [FPS],1% 低影格率 [FPS],0.1% 低影格率 [FPS],影格時間 [ms],影格率 Presented (avg) [FPS],影格率 Presented (99%) [FPS],影格率 Presented (1%) [FPS],影格率 Displayed (avg) [FPS],Frame Time Presented (avg) [ms],Frame Time Presented (99%) [ms],Frame Time Presented (1%) [ms],GPU Busy (avg) [ms],GPU Wait (avg) [ms],CPU Busy (avg) [ms],CPU Wait (avg) [ms],下載總計 [MB],上傳總計 [MB],目前下載速率 [KB/s],目前上傳速率 [KB/s],錯誤總數 []
,,系統: ASUS ROG Zephyrus G14 GA402XZ_GA402XZ,系統: ASUS ROG Zephyrus G14 GA402XZ_GA402XZ,系統: ASUS ROG Zephyrus G14 GA402XZ_GA402XZ,系統: ASUS ROG Zephyrus G14 GA402XZ_GA402XZ,系統: ASUS ROG Zephyrus G14 GA402XZ_GA402XZ,系統: ASUS ROG Zephyrus G14 GA402XZ_GA402XZ,系統: ASUS ROG Zephyrus G14 GA402XZ_GA402XZ,CPU [#0]: AMD Ryzen 9 7940HS,CPU [#0]: AMD Ryzen 9 7940HS,CPU [#0]: AMD Ryzen 9 7940HS,CPU [#0]: AMD Ryzen 9 7940HS,CPU [#0]: AMD Ryzen 9 7940HS,CPU [#0]: AMD Ryzen 9 7940HS,CPU [#0]: AMD Ryzen 9 7940HS,CPU [#0]: AMD Ryzen 9 7940HS,CPU [#0]: AMD Ryzen 9 7940HS,CPU [#0]: AMD Ryzen 9 7940HS,CPU [#0]: AMD Ryzen 9 7940HS,CPU [#0]: AMD Ryzen 9 7940HS,CPU [#0]: AMD Ryzen 9 7940HS,CPU [#0]: AMD Ryzen 9 7940HS,CPU [#0]: AMD Ryzen 9 7940HS,CPU [#0]: AMD Ryzen 9 7940HS,CPU [#0]: AMD Ryzen 9 7940HS,CPU [#0]: AMD Ryzen 9 7940HS,CPU [#0]: AMD Ryzen 9 7940HS,CPU [#0]: AMD Ryzen 9 7940HS,CPU [#0]: AMD Ryzen 9 7940HS,CPU [#0]: AMD Ryzen 9 7940HS,CPU [#0]: AMD Ryzen 9 7940HS,CPU [#0]: AMD Ryzen 9 7940HS,CPU [#0]: AMD Ryzen 9 7940HS,CPU [#0]: AMD Ryzen 9 7940HS,CPU [#0]: AMD Ryzen 9 7940HS,CPU [#0]: AMD Ryzen 9 7940HS,CPU [#0]: AMD Ryzen 9 7940HS,CPU [#0]: AMD Ryzen 9 7940HS,CPU [#0]: AMD Ryzen 9 7940HS,CPU [#0]: AMD Ryzen 9 7940HS,CPU [#0]: AMD Ryzen 9 7940HS,CPU [#0]: AMD Ryzen 9 7940HS,CPU [#0]: AMD Ryzen 9 7940HS,CPU [#0]: AMD Ryzen 9 7940HS,CPU [#0]: AMD Ryzen 9 7940HS,CPU [#0]: AMD Ryzen 9 7940HS,CPU [#0]: AMD Ryzen 9 7940HS,CPU [#0]: AMD Ryzen 9 7940HS,CPU [#0]: AMD Ryzen 9 7940HS,CPU [#0]: AMD Ryzen 9 7940HS,CPU [#0]: AMD Ryzen 9 7940HS,CPU [#0]: AMD Ryzen 9 7940HS,CPU [#0]: AMD Ryzen 9 7940HS,CPU [#0]: AMD Ryzen 9 7940HS,CPU [#0]: AMD Ryzen 9 7940HS,CPU [#0]: AMD Ryzen 9 7940HS,CPU [#0]: AMD Ryzen 9 7940HS,CPU [#0]: AMD Ryzen 9 7940HS,CPU [#0]: AMD Ryzen 9 7940HS,CPU [#0]: AMD Ryzen 9 7940HS,CPU [#0]: AMD Ryzen 9 7940HS,CPU [#0]: AMD Ryzen 9 7940HS,CPU [#0]: AMD Ryzen 9 7940HS,CPU [#0]: AMD Ryzen 9 7940HS,CPU [#0]: AMD Ryzen 9 7940HS,CPU [#0]: AMD Ryzen 9 7940HS,CPU [#0]: AMD Ryzen 9 7940HS,CPU [#0]: AMD Ryzen 9 7940HS,CPU [#0]: AMD Ryzen 9 7940HS,CPU [#0]: AMD Ryzen 9 7940HS,CPU [#0]: AMD Ryzen 9 7940HS,CPU [#0]: AMD Ryzen 9 7940HS,CPU [#0]: AMD Ryzen 9 7940HS,CPU [#0]: AMD Ryzen 9 7940HS,CPU [#0]: AMD Ryzen 9 7940HS,CPU [#0]: AMD Ryzen 9 7940HS,CPU [#0]: AMD Ryzen 9 7940HS,CPU [#0]: AMD Ryzen 9 7940HS,CPU [#0]: AMD Ryzen 9 7940HS,CPU [#0]: AMD Ryzen 9 7940HS,CPU [#0]: AMD Ryzen 9 7940HS,CPU [#0]: AMD Ryzen 9 7940HS,CPU [#0]: AMD Ryzen 9 7940HS,CPU [#0]: AMD Ryzen 9 7940HS,CPU [#0]: AMD Ryzen 9 7940HS,CPU [#0]: AMD Ryzen 9 7940HS,CPU [#0]: AMD Ryzen 9 7940HS,CPU [#0]: AMD Ryzen 9 7940HS,CPU [#0]: AMD Ryzen 9 7940HS,CPU [#0]: AMD Ryzen 9 7940HS,CPU [#0]: AMD Ryzen 9 7940HS,CPU [#0]: AMD Ryzen 9 7940HS: C-State 駐留率,CPU [#0]: AMD Ryzen 9 7940HS: C-State 駐留率,CPU [#0]: AMD Ryzen 9 7940HS: C-State 駐留率,CPU [#0]: AMD Ryzen 9 7940HS: C-State 駐留率,CPU [#0]: AMD Ryzen 9 7940HS: C-State 駐留率,CPU [#0]: AMD Ryzen 9 7940HS: C-State 駐留率,CPU [#0]: AMD Ryzen 9 7940HS: C-State 駐留率,CPU [#0]: AMD Ryzen 9 7940HS: C-State 駐留率,CPU [#0]: AMD Ryzen 9 7940HS: C-State 駐留率,CPU [#0]: AMD Ryzen 9 7940HS: C-State 駐留率,CPU [#0]: AMD Ryzen 9 7940HS: C-State 駐留率,CPU [#0]: AMD Ryzen 9 7940HS: C-State 駐留率,CPU [#0]: AMD Ryzen 9 7940HS: C-State 駐留率,CPU [#0]: AMD Ryzen 9 7940HS: C-State 駐留率,CPU [#0]: AMD Ryzen 9 7940HS: C-State 駐留率,CPU [#0]: AMD Ryzen 9 7940HS: C-State 駐留率,CPU [#0]: AMD Ryzen 9 7940HS: C-State 駐留率,CPU [#0]: AMD Ryzen 9 7940HS: C-State 駐留率,CPU [#0]: AMD Ryzen 9 7940HS: C-State 駐留率,CPU [#0]: AMD Ryzen 9 7940HS: C-State 駐留率,CPU [#0]: AMD Ryzen 9 7940HS: C-State 駐留率,CPU [#0]: AMD Ryzen 9 7940HS: C-State 駐留率,CPU [#0]: AMD Ryzen 9 7940HS: C-State 駐留率,CPU [#0]: AMD Ryzen 9 7940HS: C-State 駐留率,CPU [#0]: AMD Ryzen 9 7940HS: C-State 駐留率,CPU [#0]: AMD Ryzen 9 7940HS: C-State 駐留率,CPU [#0]: AMD Ryzen 9 7940HS: C-State 駐留率,CPU [#0]: AMD Ryzen 9 7940HS: C-State 駐留率,記憶體時序,記憶體時序,記憶體時序,記憶體時序,記憶體時序,記憶體時序,記憶體時序,記憶體時序,記憶體時序,CPU [#0]: AMD Ryzen 9 7940HS: Enhanced,CPU [#0]: AMD Ryzen 9 7940HS: Enhanced,CPU [#0]: AMD Ryzen 9 7940HS: Enhanced,CPU [#0]: AMD Ryzen 9 7940HS: Enhanced,CPU [#0]: AMD Ryzen 9 7940HS: Enhanced,CPU [#0]: AMD Ryzen 9 7940HS: Enhanced,CPU [#0]: AMD Ryzen 9 7940HS: Enhanced,CPU [#0]: AMD Ryzen 9 7940HS: Enhanced,CPU [#0]: AMD Ryzen 9 7940HS: Enhanced,CPU [#0]: AMD Ryzen 9 7940HS: Enhanced,CPU [#0]: AMD Ryzen 9 7940HS: Enhanced,CPU [#0]: AMD Ryzen 9 7940HS: Enhanced,CPU [#0]: AMD Ryzen 9 7940HS: Enhanced,CPU [#0]: AMD Ryzen 9 7940HS: Enhanced,CPU [#0]: AMD Ryzen 9 7940HS: Enhanced,CPU [#0]: AMD Ryzen 9 7940HS: Enhanced,CPU [#0]: AMD Ryzen 9 7940HS: Enhanced,CPU [#0]: AMD Ryzen 9 7940HS: Enhanced,CPU [#0]: AMD Ryzen 9 7940HS: Enhanced,CPU [#0]: AMD Ryzen 9 7940HS: Enhanced,CPU [#0]: AMD Ryzen 9 7940HS: Enhanced,CPU [#0]: AMD Ryzen 9 7940HS: Enhanced,CPU [#0]: AMD Ryzen 9 7940HS: Enhanced,CPU [#0]: AMD Ryzen 9 7940HS: Enhanced,CPU [#0]: AMD Ryzen 9 7940HS: Enhanced,CPU [#0]: AMD Ryzen 9 7940HS: Enhanced,CPU [#0]: AMD Ryzen 9 7940HS: Enhanced,CPU [#0]: AMD Ryzen 9 7940HS: Enhanced,CPU [#0]: AMD Ryzen 9 7940HS: Enhanced,CPU [#0]: AMD Ryzen 9 7940HS: Enhanced,CPU [#0]: AMD Ryzen 9 7940HS: Enhanced,CPU [#0]: AMD Ryzen 9 7940HS: Enhanced,CPU [#0]: AMD Ryzen 9 7940HS: Enhanced,CPU [#0]: AMD Ryzen 9 7940HS: Enhanced,CPU [#0]: AMD Ryzen 9 7940HS: Enhanced,CPU [#0]: AMD Ryzen 9 7940HS: Enhanced,CPU [#0]: AMD Ryzen 9 7940HS: Enhanced,CPU [#0]: AMD Ryzen 9 7940HS: Enhanced,CPU [#0]: AMD Ryzen 9 7940HS: Enhanced,CPU [#0]: AMD Ryzen 9 7940HS: Enhanced,CPU [#0]: AMD Ryzen 9 7940HS: Enhanced,CPU [#0]: AMD Ryzen 9 7940HS: Enhanced,CPU [#0]: AMD Ryzen 9 7940HS: Enhanced,CPU [#0]: AMD Ryzen 9 7940HS: Enhanced,CPU [#0]: AMD Ryzen 9 7940HS: Enhanced,CPU [#0]: AMD Ryzen 9 7940HS: Enhanced,CPU [#0]: AMD Ryzen 9 7940HS: Enhanced,CPU [#0]: AMD Ryzen 9 7940HS: Enhanced,CPU [#0]: AMD Ryzen 9 7940HS: Enhanced,CPU [#0]: AMD Ryzen 9 7940HS: Enhanced,CPU [#0]: AMD Ryzen 9 7940HS: Enhanced,CPU [#0]: AMD Ryzen 9 7940HS: Enhanced,CPU [#0]: AMD Ryzen 9 7940HS: Enhanced,CPU [#0]: AMD Ryzen 9 7940HS: Enhanced,CPU [#0]: AMD Ryzen 9 7940HS: Enhanced,CPU [#0]: AMD Ryzen 9 7940HS: Enhanced,CPU [#0]: AMD Ryzen 9 7940HS: Enhanced,ACPI: ASUS ROG Zephyrus G14 GA402XZ_GA402XZ,ASUS NB EC: ASUS ROG Zephyrus G14 GA402XZ_GA402XZ,ASUS NB EC: ASUS ROG Zephyrus G14 GA402XZ_GA402XZ,DDR5 DIMM [#1]: Crucial Technology CT16G56C46S5.M8G1 (P0 CHANNEL B/DIMM 0),DDR5 DIMM [#1]: Crucial Technology CT16G56C46S5.M8G1 (P0 CHANNEL B/DIMM 0),DDR5 DIMM [#1]: Crucial Technology CT16G56C46S5.M8G1 (P0 CHANNEL B/DIMM 0),DDR5 DIMM [#1]: Crucial Technology CT16G56C46S5.M8G1 (P0 CHANNEL B/DIMM 0),DDR5 DIMM [#1]: Crucial Technology CT16G56C46S5.M8G1 (P0 CHANNEL B/DIMM 0),DDR5 DIMM [#1]: Crucial Technology CT16G56C46S5.M8G1 (P0 CHANNEL B/DIMM 0),DDR5 DIMM [#1]: Crucial Technology CT16G56C46S5.M8G1 (P0 CHANNEL B/DIMM 0),DDR5 DIMM [#1]: Crucial Technology CT16G56C46S5.M8G1 (P0 CHANNEL B/DIMM 0),DDR5 DIMM [#1]: Crucial Technology CT16G56C46S5.M8G1 (P0 CHANNEL B/DIMM 0),DDR5 DIMM [#1]: Crucial Technology CT16G56C46S5.M8G1 (P0 CHANNEL B/DIMM 0),S.M.A.R.T.: SAMSUNG MZVL21T0HCLR-00BTW (S6W6NA0W706391) [C:],S.M.A.R.T.: SAMSUNG MZVL21T0HCLR-00BTW (S6W6NA0W706391) [C:],S.M.A.R.T.: SAMSUNG MZVL21T0HCLR-00BTW (S6W6NA0W706391) [C:],S.M.A.R.T.: SAMSUNG MZVL21T0HCLR-00BTW (S6W6NA0W706391) [C:],S.M.A.R.T.: SAMSUNG MZVL21T0HCLR-00BTW (S6W6NA0W706391) [C:],S.M.A.R.T.: SAMSUNG MZVL21T0HCLR-00BTW (S6W6NA0W706391) [C:],S.M.A.R.T.: SAMSUNG MZVL21T0HCLR-00BTW (S6W6NA0W706391) [C:],S.M.A.R.T.: SAMSUNG MZVL21T0HCLR-00BTW (S6W6NA0W706391) [C:],S.M.A.R.T.: SAMSUNG MZVL21T0HCLR-00BTW (S6W6NA0W706391) [C:],Drive: SAMSUNG MZVL21T0HCLR-00BTW (S6W6NA0W706391) [C:],Drive: SAMSUNG MZVL21T0HCLR-00BTW (S6W6NA0W706391) [C:],Drive: SAMSUNG MZVL21T0HCLR-00BTW (S6W6NA0W706391) [C:],Drive: SAMSUNG MZVL21T0HCLR-00BTW (S6W6NA0W706391) [C:],Drive: SAMSUNG MZVL21T0HCLR-00BTW (S6W6NA0W706391) [C:],Drive: SAMSUNG MZVL21T0HCLR-00BTW (S6W6NA0W706391) [C:],Drive: SAMSUNG MZVL21T0HCLR-00BTW (S6W6NA0W706391) [C:],GPU [#1]: AMD Radeon 780M,GPU [#1]: AMD Radeon 780M,GPU [#1]: AMD Radeon 780M,GPU [#1]: AMD Radeon 780M,GPU [#1]: AMD Radeon 780M,GPU [#0]: NVIDIA GeForce RTX 4080 Laptop,GPU [#0]: NVIDIA GeForce RTX 4080 Laptop,GPU [#0]: NVIDIA GeForce RTX 4080 Laptop,GPU [#0]: NVIDIA GeForce RTX 4080 Laptop,GPU [#0]: NVIDIA GeForce RTX 4080 Laptop,GPU [#0]: NVIDIA GeForce RTX 4080 Laptop,GPU [#0]: NVIDIA GeForce RTX 4080 Laptop,GPU [#0]: NVIDIA GeForce RTX 4080 Laptop,GPU [#0]: NVIDIA GeForce RTX 4080 Laptop,GPU [#0]: NVIDIA GeForce RTX 4080 Laptop,GPU [#0]: NVIDIA GeForce RTX 4080 Laptop,GPU [#0]: NVIDIA GeForce RTX 4080 Laptop,GPU [#0]: NVIDIA GeForce RTX 4080 Laptop,GPU [#0]: NVIDIA GeForce RTX 4080 Laptop,GPU [#0]: NVIDIA GeForce RTX 4080 Laptop,GPU [#0]: NVIDIA GeForce RTX 4080 Laptop,GPU [#0]: NVIDIA GeForce RTX 4080 Laptop,GPU [#0]: NVIDIA GeForce RTX 4080 Laptop,GPU [#0]: NVIDIA GeForce RTX 4080 Laptop,GPU [#0]: NVIDIA GeForce RTX 4080 Laptop,GPU [#0]: NVIDIA GeForce RTX 4080 Laptop,GPU [#0]: NVIDIA GeForce RTX 4080 Laptop,GPU [#0]: NVIDIA GeForce RTX 4080 Laptop,GPU [#0]: NVIDIA GeForce RTX 4080 Laptop,GPU [#0]: NVIDIA GeForce RTX 4080 Laptop,GPU [#0]: NVIDIA GeForce RTX 4080 Laptop,GPU [#0]: NVIDIA GeForce RTX 4080 Laptop,GPU [#0]: NVIDIA GeForce RTX 4080 Laptop,GPU [#0]: NVIDIA GeForce RTX 4080 Laptop,GPU [#0]: NVIDIA GeForce RTX 4080 Laptop,GPU [#0]: NVIDIA GeForce RTX 4080 Laptop,GPU [#0]: NVIDIA GeForce RTX 4080 Laptop,GPU [#0]: NVIDIA GeForce RTX 4080 Laptop,GPU [#0]: NVIDIA GeForce RTX 4080 Laptop,GPU [#0]: NVIDIA GeForce RTX 4080 Laptop,GPU [#0]: NVIDIA GeForce RTX 4080 Laptop,GPU [#0]: NVIDIA GeForce RTX 4080 Laptop,GPU [#0]: NVIDIA GeForce RTX 4080 Laptop,GPU [#0]: NVIDIA GeForce RTX 4080 Laptop,GPU [#0]: NVIDIA GeForce RTX 4080 Laptop,GPU [#0]: NVIDIA GeForce RTX 4080 Laptop,GPU [#0]: NVIDIA GeForce RTX 4080 Laptop,GPU [#0]: NVIDIA GeForce RTX 4080 Laptop,GPU [#0]: NVIDIA GeForce RTX 4080 Laptop,GPU [#0]: NVIDIA GeForce RTX 4080 Laptop,GPU [#0]: NVIDIA GeForce RTX 4080 Laptop,GPU [#0]: NVIDIA GeForce RTX 4080 Laptop,GPU [#0]: NVIDIA GeForce RTX 4080 Laptop,GPU [#0]: NVIDIA GeForce RTX 4080 Laptop,GPU [#0]: NVIDIA GeForce RTX 4080 Laptop,GPU [#0]: NVIDIA GeForce RTX 4080 Laptop,GPU [#0]: NVIDIA GeForce RTX 4080 Laptop,GPU [#0]: NVIDIA GeForce RTX 4080 Laptop,GPU [#0]: NVIDIA GeForce RTX 4080 Laptop,GPU [#0]: NVIDIA GeForce RTX 4080 Laptop,GPU [#0]: NVIDIA GeForce RTX 4080 Laptop,GPU [#0]: NVIDIA GeForce RTX 4080 Laptop,GPU [#0]: NVIDIA GeForce RTX 4080 Laptop,GPU [#0]: NVIDIA GeForce RTX 4080 Laptop,GPU [#0]: NVIDIA GeForce RTX 4080 Laptop,GPU [#0]: NVIDIA GeForce RTX 4080 Laptop,GPU [#0]: NVIDIA GeForce RTX 4080 Laptop,GPU [#0]: NVIDIA GeForce RTX 4080 Laptop,GPU [#0]: NVIDIA GeForce RTX 4080 Laptop,GPU [#0]: NVIDIA GeForce RTX 4080 Laptop,GPU [#0]: NVIDIA GeForce RTX 4080 Laptop,Battery: AS3FYCe3KC GA40249,Battery: AS3FYCe3KC GA40249,Battery: AS3FYCe3KC GA40249,Battery: AS3FYCe3KC GA40249,Battery: AS3FYCe3KC GA40249,RTSS,RTSS,RTSS,RTSS,PresentMon [VFREVO.exe],PresentMon [VFREVO.exe],PresentMon [VFREVO.exe],PresentMon [VFREVO.exe],PresentMon [VFREVO.exe],PresentMon [VFREVO.exe],PresentMon [VFREVO.exe],PresentMon [VFREVO.exe],PresentMon [VFREVO.exe],PresentMon [VFREVO.exe],PresentMon [VFREVO.exe],網路: MediaTek Wi-Fi 6E MT7922 (RZ616) 160MHz Wireless LAN Card - Wi-Fi,網路: MediaTek Wi-Fi 6E MT7922 (RZ616) 160MHz Wireless LAN Card - Wi-Fi,網路: MediaTek Wi-Fi 6E MT7922 (RZ616) 160MHz Wireless LAN Card - Wi-Fi,網路: MediaTek Wi-Fi 6E MT7922 (RZ616) 160MHz Wireless LAN Card - Wi-Fi,Windows Hardware Errors (WHEA)
